Build started 23/9/2026 6:42:35 PM.
     0>Process = "C:\Program Files\dotnet\dotnet.exe"
       MSBuild executable path = "C:\Program Files\dotnet\sdk\8.0.425\MSBuild.dll"
       Command line arguments = "C:\Program Files\dotnet\sdk\8.0.425\MSBuild.dll -maxcpucount -verbosity:m -nologo -target:Restore -verbosity:d src/AiReap.Infrastructure/AiReap.Infrastructure.csproj -distributedlogger:Microsoft.DotNet.Tools.MSBuild.MSBuildLogger,C:\Program Files\dotnet\sdk\8.0.425\dotnet.dll*Microsoft.DotNet.Tools.MSBuild.MSBuildForwardingLogger,C:\Program Files\dotnet\sdk\8.0.425\dotnet.dll"
       Current directory = "D:\AI-REAP"
       MSBuild version = "17.11.48+02bf66295"
       Based on the Windows registry key LongPathsEnabled, the LongPaths feature is enabled.
       The SDK "Microsoft.NET.Sdk" was successfully resolved by the "DefaultSdkResolver" resolver to location "C:\Program Files\dotnet\sdk\8.0.425\Sdks\Microsoft.NET.Sdk\Sdk" and version "".
       Assembly loaded during Evaluation: Microsoft.NET.StringTools, Version=1.0.0.0, Culture=neutral, PublicKeyToken=b03f5f7f11d50a3a (location: C:\Program Files\dotnet\sdk\8.0.425\Microsoft.NET.StringTools.dll, MVID: a6df08db-4589-427d-8720-dbb53fdf37b0, AssemblyLoadContext: Default)
       Property 'MSBuildExtensionsPath' with value 'C:\Program Files\dotnet\sdk\8.0.425\' expanded from the environment.
       Property reassignment: $(MSBuildProjectExtensionsPath)="D:\AI-REAP\src\AiReap.Infrastructure\obj\" (previous value: "obj\") at C:\Program Files\dotnet\sdk\8.0.425\Current\Microsoft.Common.props (60,5)
       Property 'MSBuildUserExtensionsPath' with value 'C:\Users\maryam.rehman\AppData\Local\Microsoft\MSBuild' expanded from the environment.
       Property reassignment: $(AssemblySearchPaths)="{CandidateAssemblyFiles};{HintPathFromItem}" (previous value: "{CandidateAssemblyFiles}") at C:\Program Files\dotnet\sdk\8.0.425\Sdks\Microsoft.NET.Sdk\targets\Microsoft.NET.Sdk.props (91,5)
       Property reassignment: $(AssemblySearchPaths)="{CandidateAssemblyFiles};{HintPathFromItem};{TargetFrameworkDirectory}" (previous value: "{CandidateAssemblyFiles};{HintPathFromItem}") at C:\Program Files\dotnet\sdk\8.0.425\Sdks\Microsoft.NET.Sdk\targets\Microsoft.NET.Sdk.props (92,5)
       Property reassignment: $(AssemblySearchPaths)="{CandidateAssemblyFiles};{HintPathFromItem};{TargetFrameworkDirectory};{RawFileName}" (previous value: "{CandidateAssemblyFiles};{HintPathFromItem};{TargetFrameworkDirectory}") at C:\Program Files\dotnet\sdk\8.0.425\Sdks\Microsoft.NET.Sdk\targets\Microsoft.NET.Sdk.props (93,5)
       The "DefaultSdkResolver" resolver attempted to resolve the SDK "Microsoft.NET.SDK.WorkloadAutoImportPropsLocator".
       Warnings: null
       Errors: MSB4276: The default SDK resolver failed to resolve SDK "Microsoft.NET.SDK.WorkloadAutoImportPropsLocator" because directory "C:\Program Files\dotnet\sdk\8.0.425\Sdks\Microsoft.NET.SDK.WorkloadAutoImportPropsLocator\Sdk" did not exist.
       Assembly loaded during Evaluation: Microsoft.Build.NuGetSdkResolver, Version=6.11.2.1, Culture=neutral, PublicKeyToken=31bf3856ad364e35 (location: C:\Program Files\dotnet\sdk\8.0.425\Microsoft.Build.NuGetSdkResolver.dll, MVID: 27ccb095-2c92-40dc-8ceb-3c408f94bba3, AssemblyLoadContext: MSBuild plugin C:\Program Files\dotnet\sdk\8.0.425\Microsoft.Build.NuGetSdkResolver.dll)
       Assembly loaded during Evaluation: Microsoft.NET.Sdk.WorkloadMSBuildSdkResolver, Version=8.0.425.0, Culture=neutral, PublicKeyToken=31bf3856ad364e35 (location: C:\Program Files\dotnet\sdk\8.0.425\Microsoft.NET.Sdk.WorkloadMSBuildSdkResolver.dll, MVID: a57ad2c4-a1aa-4b97-8259-02e0b5d0bbb2, AssemblyLoadContext: MSBuild plugin C:\Program Files\dotnet\sdk\8.0.425\Microsoft.NET.Sdk.WorkloadMSBuildSdkResolver.dll)
       Assembly loaded during Evaluation: Microsoft.DotNet.Cli.Utils, Version=8.0.425.0, Culture=neutral, PublicKeyToken=adb9793829ddae60 (location: C:\Program Files\dotnet\sdk\8.0.425\Microsoft.DotNet.Cli.Utils.dll, MVID: d370d28b-17f4-49f4-822b-2cd1c6ec0ac7, AssemblyLoadContext: MSBuild plugin C:\Program Files\dotnet\sdk\8.0.425\Microsoft.NET.Sdk.WorkloadMSBuildSdkResolver.dll)
       Assembly loaded during Evaluation: Microsoft.NET.Sdk.WorkloadManifestReader, Version=8.0.425.0, Culture=neutral, PublicKeyToken=adb9793829ddae60 (location: C:\Program Files\dotnet\sdk\8.0.425\Microsoft.NET.Sdk.WorkloadManifestReader.dll, MVID: 92c20707-186e-42ab-9b58-c66f30e939e8, AssemblyLoadContext: MSBuild plugin C:\Program Files\dotnet\sdk\8.0.425\Microsoft.NET.Sdk.WorkloadMSBuildSdkResolver.dll)
       Assembly loaded during Evaluation: Microsoft.Deployment.DotNet.Releases, Version=2.0.0.0, Culture=neutral, PublicKeyToken=31bf3856ad364e35 (location: C:\Program Files\dotnet\sdk\8.0.425\Microsoft.Deployment.DotNet.Releases.dll, MVID: 34f9f9be-a352-437d-b864-e54aac6740dd, AssemblyLoadContext: MSBuild plugin C:\Program Files\dotnet\sdk\8.0.425\Microsoft.NET.Sdk.WorkloadMSBuildSdkResolver.dll)
       Assembly loaded during Evaluation: System.Text.Json, Version=8.0.0.0, Culture=neutral, PublicKeyToken=cc7b13ffcd2ddd51 (location: C:\Program Files\dotnet\shared\Microsoft.NETCore.App\8.0.31\System.Text.Json.dll, MVID: a8e71138-cb7f-40d2-a185-6048f1cccfb2, AssemblyLoadContext: Default)
       The SDK "Microsoft.NET.SDK.WorkloadAutoImportPropsLocator" was successfully resolved by the "Microsoft.DotNet.MSBuildWorkloadSdkResolver" resolver to location "null" and version "null".
       Property reassignment: $(TargetsForTfmSpecificContentInPackage)=";PackTool;_PackProjectToolValidation" (previous value: ";PackTool") at C:\Program Files\dotnet\sdk\8.0.425\Sdks\Microsoft.NET.Sdk\targets\Microsoft.NET.PackProjectTool.props (15,5)
       Property reassignment: $(PublishProfileImported)="false" (previous value: "true") at C:\Program Files\dotnet\sdk\8.0.425\Sdks\Microsoft.NET.Sdk\targets\Microsoft.NET.Sdk.ImportPublishProfile.targets (28,5)
       Assembly loaded during Evaluation: System.Security.Principal.Windows, Version=8.0.0.0, Culture=neutral, PublicKeyToken=b03f5f7f11d50a3a (location: C:\Program Files\dotnet\shared\Microsoft.NETCore.App\8.0.31\System.Security.Principal.Windows.dll, MVID: e4cfb866-2a14-43ee-a800-d731b46be814, AssemblyLoadContext: Default)
       Assembly loaded during Evaluation: NuGet.Frameworks, Version=6.11.2.1, Culture=neutral, PublicKeyToken=31bf3856ad364e35 (location: C:\Program Files\dotnet\sdk\8.0.425\NuGet.Frameworks.dll, MVID: 69f2c13d-a9f1-4a43-bb62-e18b47d48034, AssemblyLoadContext: Assembly.LoadFile(C:\Program Files\dotnet\sdk\8.0.425\NuGet.Frameworks.dll))
       Assembly loaded during Evaluation: System.Security.Claims, Version=8.0.0.0, Culture=neutral, PublicKeyToken=b03f5f7f11d50a3a (location: C:\Program Files\dotnet\shared\Microsoft.NETCore.App\8.0.31\System.Security.Claims.dll, MVID: 742bdb9f-0b11-4c54-853a-5770c9beaf55, AssemblyLoadContext: Default)
       Property reassignment: $(TargetPlatformVersion)="" (previous value: "0.0") at C:\Program Files\dotnet\sdk\8.0.425\Sdks\Microsoft.NET.Sdk\targets\Microsoft.NET.TargetFrameworkInference.targets (69,5)
       Property reassignment: $(DefaultItemExcludes)=";bin\Debug\/**;obj\Debug\/**" (previous value: ";bin\Debug\/**") at C:\Program Files\dotnet\sdk\8.0.425\Sdks\Microsoft.NET.Sdk\targets\Microsoft.NET.DefaultOutputPaths.targets (122,5)
       Property reassignment: $(OutputPath)="bin\Debug\net8.0\" (previous value: "bin\Debug\") at C:\Program Files\dotnet\sdk\8.0.425\Sdks\Microsoft.NET.Sdk\targets\Microsoft.NET.DefaultOutputPaths.targets (137,5)
       Property reassignment: $(IntermediateOutputPath)="obj\Debug\net8.0\" (previous value: "obj\Debug\") at C:\Program Files\dotnet\sdk\8.0.425\Sdks\Microsoft.NET.Sdk\targets\Microsoft.NET.DefaultOutputPaths.targets (142,5)
       The "DefaultSdkResolver" resolver attempted to resolve the SDK "Microsoft.NET.SDK.WorkloadManifestTargetsLocator".
       Warnings: null
       Errors: MSB4276: The default SDK resolver failed to resolve SDK "Microsoft.NET.SDK.WorkloadManifestTargetsLocator" because directory "C:\Program Files\dotnet\sdk\8.0.425\Sdks\Microsoft.NET.SDK.WorkloadManifestTargetsLocator\Sdk" did not exist.
       The SDK "Microsoft.NET.SDK.WorkloadManifestTargetsLocator" was successfully resolved by the "Microsoft.DotNet.MSBuildWorkloadSdkResolver" resolver to location "C:\Program Files\dotnet\sdk-manifests\8.0.100\microsoft.net.sdk.android\34.0.43" and version "null".
       Property reassignment: $(_FrameworkIdentifierForImplicitDefine)="NET" (previous value: "NETCOREAPP") at C:\Program Files\dotnet\sdk\8.0.425\Sdks\Microsoft.NET.Sdk\targets\Microsoft.NET.Sdk.BeforeCommon.targets (187,5)
       Property reassignment: $(_FrameworkVersionForImplicitDefine)="8_0" (previous value: "8.0") at C:\Program Files\dotnet\sdk\8.0.425\Sdks\Microsoft.NET.Sdk\targets\Microsoft.NET.Sdk.BeforeCommon.targets (192,5)
       Property reassignment: $(CommandLineArgsForDesignTimeEvaluation)="-langversion:12.0 -define:TRACE" (previous value: "-langversion:12.0") at C:\Program Files\dotnet\sdk\8.0.425\Roslyn\Microsoft.CSharp.Core.targets (200,5)
       Assembly loaded during Evaluation: Microsoft.Build.Utilities.Core, Version=15.1.0.0, Culture=neutral, PublicKeyToken=b03f5f7f11d50a3a (location: C:\Program Files\dotnet\sdk\8.0.425\Microsoft.Build.Utilities.Core.dll, MVID: 3ef2c93a-1391-4e37-a4e3-a5d04b06a824, AssemblyLoadContext: Default)
       Property reassignment: $(_DebugSymbolsProduced)="true" (previous value: "false") at C:\Program Files\dotnet\sdk\8.0.425\Microsoft.Common.CurrentVersion.targets (175,5)
       Property reassignment: $(_DocumentationFileProduced)="false" (previous value: "true") at C:\Program Files\dotnet\sdk\8.0.425\Microsoft.Common.CurrentVersion.targets (185,5)
       Property reassignment: $(MSBuildCopyMarkerName)="AiReap.I.BC56FBA6" (previous value: "AiReap.Infrastructure.csproj") at C:\Program Files\dotnet\sdk\8.0.425\Microsoft.Common.CurrentVersion.targets (392,5)
       Property reassignment: $(MSBuildCopyMarkerName)="AiReap.I.BC56FBA6.Up2Date" (previous value: "AiReap.I.BC56FBA6") at C:\Program Files\dotnet\sdk\8.0.425\Microsoft.Common.CurrentVersion.targets (393,5)
       Property reassignment: $(ProcessorArchitecture)="msil" (previous value: "") at C:\Program Files\dotnet\sdk\8.0.425\Microsoft.Common.CurrentVersion.targets (541,5)
       Property reassignment: $(DelaySign)="" (previous value: "false") at C:\Program Files\dotnet\sdk\8.0.425\Microsoft.Common.CurrentVersion.targets (580,5)
       Property 'LOCALAPPDATA' with value 'C:\Users\maryam.rehman\AppData\Local' expanded from the environment.
       Property reassignment: $(_SGenGenerateSerializationAssembliesConfig)="Auto" (previous value: "") at C:\Program Files\dotnet\sdk\8.0.425\Microsoft.Common.CurrentVersion.targets (3896,5)
       Property reassignment: $(_SGenGenerateSerializationAssembliesConfig)="Off" (previous value: "Auto") at C:\Program Files\dotnet\sdk\8.0.425\Microsoft.Common.CurrentVersion.targets (3897,5)
       Property reassignment: $(_TargetsThatPrepareProjectReferences)="
             AssignProjectConfiguration;
             _SplitProjectReferencesByFileExistence
           " (previous value: "_SplitProjectReferencesByFileExistence") at C:\Program Files\dotnet\sdk\8.0.425\Microsoft.Common.CurrentVersion.targets (5099,5)
       Property 'MSBuildExtensionsPath32' with value 'C:\Program Files\dotnet\sdk\8.0.425' expanded from the environment.
       Assembly loaded during Evaluation: System.Threading.Tasks.Parallel, Version=8.0.0.0, Culture=neutral, PublicKeyToken=b03f5f7f11d50a3a (location: C:\Program Files\dotnet\shared\Microsoft.NETCore.App\8.0.31\System.Threading.Tasks.Parallel.dll, MVID: 339b7181-423f-4d6b-b443-267d6a5446af, AssemblyLoadContext: Default)
       Property reassignment: $(ProjectAssetsFile)="D:\AI-REAP\src\AiReap.Infrastructure\obj\project.assets.json" (previous value: "D:\AI-REAP\src\AiReap.Infrastructure\obj\/project.assets.json") at C:\Program Files\dotnet\sdk\8.0.425\Sdks\Microsoft.NET.Sdk\targets\Microsoft.PackageDependencyResolution.targets (24,5)
       Property reassignment: $(ProjectAssetsCacheFile)="D:\AI-REAP\src\AiReap.Infrastructure\obj\Debug\net8.0\AiReap.Infrastructure.assets.cache" (previous value: "obj\Debug\net8.0\AiReap.Infrastructure.assets.cache") at C:\Program Files\dotnet\sdk\8.0.425\Sdks\Microsoft.NET.Sdk\targets\Microsoft.PackageDependencyResolution.targets (29,5)
       Property reassignment: $(ResolveAssemblyReferencesDependsOn)="
             
             ResolveProjectReferences;
             FindInvalidProjectReferences;
             GetFrameworkPaths;
             GetReferenceAssemblyPaths;
             PrepareForBuild;
             ResolveSDKReferences;
             ExpandSDKReferences;
           ;
             ResolvePackageDependenciesForBuild;
             _HandlePackageFileConflicts;
           " (previous value: "
             ResolveProjectReferences;
             FindInvalidProjectReferences;
             GetFrameworkPaths;
             GetReferenceAssemblyPaths;
             PrepareForBuild;
             ResolveSDKReferences;
             ExpandSDKReferences;
           ") at C:\Program Files\dotnet\sdk\8.0.425\Sdks\Microsoft.NET.Sdk\targets\Microsoft.PackageDependencyResolution.targets (80,5)
       Property reassignment: $(PrepareResourcesDependsOn)="
             ResolvePackageDependenciesForBuild;
             _HandlePackageFileConflicts;
             
             ;
             PrepareResourceNames;
             ResGen;
             CompileLicxFiles
           
           " (previous value: "
             ;
             PrepareResourceNames;
             ResGen;
             CompileLicxFiles
           ") at C:\Program Files\dotnet\sdk\8.0.425\Sdks\Microsoft.NET.Sdk\targets\Microsoft.PackageDependencyResolution.targets (86,5)
       Property reassignment: $(DefaultItemExcludes)=";bin\Debug\/**;obj\Debug\/**;bin\/**" (previous value: ";bin\Debug\/**;obj\Debug\/**") at C:\Program Files\dotnet\sdk\8.0.425\Sdks\Microsoft.NET.Sdk\targets\Microsoft.NET.Sdk.DefaultItems.targets (27,5)
       Property reassignment: $(DefaultItemExcludes)=";bin\Debug\/**;obj\Debug\/**;bin\/**;obj\/**" (previous value: ";bin\Debug\/**;obj\Debug\/**;bin\/**") at C:\Program Files\dotnet\sdk\8.0.425\Sdks\Microsoft.NET.Sdk\targets\Microsoft.NET.Sdk.DefaultItems.targets (29,5)
       Property reassignment: $(DefaultItemExcludes)=";bin\Debug\/**;obj\Debug\/**;bin\/**;obj\/**;**/*.user" (previous value: ";bin\Debug\/**;obj\Debug\/**;bin\/**;obj\/**") at C:\Program Files\dotnet\sdk\8.0.425\Sdks\Microsoft.NET.Sdk\targets\Microsoft.NET.Sdk.DefaultItems.targets (32,5)
       Property reassignment: $(DefaultItemExcludes)=";bin\Debug\/**;obj\Debug\/**;bin\/**;obj\/**;**/*.user;**/*.*proj" (previous value: ";bin\Debug\/**;obj\Debug\/**;bin\/**;obj\/**;**/*.user") at C:\Program Files\dotnet\sdk\8.0.425\Sdks\Microsoft.NET.Sdk\targets\Microsoft.NET.Sdk.DefaultItems.targets (33,5)
       Property reassignment: $(DefaultItemExcludes)=";bin\Debug\/**;obj\Debug\/**;bin\/**;obj\/**;**/*.user;**/*.*proj;**/*.sln" (previous value: ";bin\Debug\/**;obj\Debug\/**;bin\/**;obj\/**;**/*.user;**/*.*proj") at C:\Program Files\dotnet\sdk\8.0.425\Sdks\Microsoft.NET.Sdk\targets\Microsoft.NET.Sdk.DefaultItems.targets (34,5)
       Property reassignment: $(DefaultItemExcludes)=";bin\Debug\/**;obj\Debug\/**;bin\/**;obj\/**;**/*.user;**/*.*proj;**/*.sln;**/*.vssscc" (previous value: ";bin\Debug\/**;obj\Debug\/**;bin\/**;obj\/**;**/*.user;**/*.*proj;**/*.sln") at C:\Program Files\dotnet\sdk\8.0.425\Sdks\Microsoft.NET.Sdk\targets\Microsoft.NET.Sdk.DefaultItems.targets (35,5)
       Property reassignment: $(DefaultItemExcludes)=";bin\Debug\/**;obj\Debug\/**;bin\/**;obj\/**;**/*.user;**/*.*proj;**/*.sln;**/*.vssscc;**/.DS_Store" (previous value: ";bin\Debug\/**;obj\Debug\/**;bin\/**;obj\/**;**/*.user;**/*.*proj;**/*.sln;**/*.vssscc") at C:\Program Files\dotnet\sdk\8.0.425\Sdks\Microsoft.NET.Sdk\targets\Microsoft.NET.Sdk.DefaultItems.targets (36,5)
       Property reassignment: $(ResolveAssemblyReferencesDependsOn)="
             
             
             ResolveProjectReferences;
             FindInvalidProjectReferences;
             GetFrameworkPaths;
             GetReferenceAssemblyPaths;
             PrepareForBuild;
             ResolveSDKReferences;
             ExpandSDKReferences;
           ;
             ResolvePackageDependenciesForBuild;
             _HandlePackageFileConflicts;
           ;
             ResolveTargetingPackAssets;
           " (previous value: "
             
             ResolveProjectReferences;
             FindInvalidProjectReferences;
             GetFrameworkPaths;
             GetReferenceAssemblyPaths;
             PrepareForBuild;
             ResolveSDKReferences;
             ExpandSDKReferences;
           ;
             ResolvePackageDependenciesForBuild;
             _HandlePackageFileConflicts;
           ") at C:\Program Files\dotnet\sdk\8.0.425\Sdks\Microsoft.NET.Sdk\targets\Microsoft.NET.Sdk.FrameworkReferenceResolution.targets (14,5)
       Property reassignment: $(_GenerateRuntimeConfigurationPropertyInputsCache)="D:\AI-REAP\src\AiReap.Infrastructure\obj\Debug\net8.0\AiReap.Infrastructure.genruntimeconfig.cache" (previous value: "obj\Debug\net8.0\AiReap.Infrastructure.genruntimeconfig.cache") at C:\Program Files\dotnet\sdk\8.0.425\Sdks\Microsoft.NET.Sdk\targets\Microsoft.NET.Sdk.targets (44,5)
       Property reassignment: $(_GeneratePublishDependencyFilePropertyInputsCache)="D:\AI-REAP\src\AiReap.Infrastructure\obj\Debug\net8.0\AiReap.Infrastructure.genpublishdeps.cache" (previous value: "obj\Debug\net8.0\AiReap.Infrastructure.genpublishdeps.cache") at C:\Program Files\dotnet\sdk\8.0.425\Sdks\Microsoft.NET.Sdk\targets\Microsoft.NET.Sdk.targets (46,5)
       Property reassignment: $(_GenerateSingleFileBundlePropertyInputsCache)="D:\AI-REAP\src\AiReap.Infrastructure\obj\Debug\net8.0\AiReap.Infrastructure.genbundle.cache" (previous value: "obj\Debug\net8.0\AiReap.Infrastructure.genbundle.cache") at C:\Program Files\dotnet\sdk\8.0.425\Sdks\Microsoft.NET.Sdk\targets\Microsoft.NET.Sdk.targets (48,5)
       Property reassignment: $(GenerateRuntimeConfigDevFile)="false" (previous value: "true") at C:\Program Files\dotnet\sdk\8.0.425\Sdks\Microsoft.NET.Sdk\targets\Microsoft.NET.Sdk.targets (81,5)
       Property 'HOME' with value 'C:\Users\maryam.rehman' expanded from the environment.
       Property 'USERPROFILE' with value 'C:\Users\maryam.rehman' expanded from the environment.
       Property reassignment: $(_DefaultUserProfileRuntimeStorePath)="C:\Users\maryam.rehman\.dotnet\store" (previous value: "C:\Users\maryam.rehman") at C:\Program Files\dotnet\sdk\8.0.425\Sdks\Microsoft.NET.Sdk\targets\Microsoft.NET.Sdk.targets (98,5)
       Property reassignment: $(AvailablePlatforms)="Any CPU,x86,x64,ARM32" (previous value: "Any CPU,x86,x64") at C:\Program Files\dotnet\sdk\8.0.425\Sdks\Microsoft.NET.Sdk\targets\Microsoft.NET.Sdk.targets (136,5)
       Property reassignment: $(AvailablePlatforms)="Any CPU,x86,x64,ARM32,ARM64" (previous value: "Any CPU,x86,x64,ARM32") at C:\Program Files\dotnet\sdk\8.0.425\Sdks\Microsoft.NET.Sdk\targets\Microsoft.NET.Sdk.targets (140,5)
       Property reassignment: $(CoreBuildDependsOn)="
             _CheckForBuildWithNoBuild;
             
             BuildOnlySettings;
             PrepareForBuild;
             PreBuildEvent;
             ResolveReferences;
             PrepareResources;
             ResolveKeySource;
             Compile;
             ExportWindowsMDFile;
             UnmanagedUnregistration;
             GenerateSerializationAssemblies;
             CreateSatelliteAssemblies;
             GenerateManifests;
             GetTargetPath;
             PrepareForRun;
             UnmanagedRegistration;
             IncrementalClean;
             PostBuildEvent
           ;
             GenerateBuildDependencyFile;
             GenerateBuildRuntimeConfigurationFiles
           " (previous value: "
             BuildOnlySettings;
             PrepareForBuild;
             PreBuildEvent;
             ResolveReferences;
             PrepareResources;
             ResolveKeySource;
             Compile;
             ExportWindowsMDFile;
             UnmanagedUnregistration;
             GenerateSerializationAssemblies;
             CreateSatelliteAssemblies;
             GenerateManifests;
             GetTargetPath;
             PrepareForRun;
             UnmanagedRegistration;
             IncrementalClean;
             PostBuildEvent
           ") at C:\Program Files\dotnet\sdk\8.0.425\Sdks\Microsoft.NET.Sdk\targets\Microsoft.NET.Sdk.targets (197,5)
       Property reassignment: $(CoreCleanDependsOn)="
             _SdkBeforeClean;
             
           " (previous value: "") at C:\Program Files\dotnet\sdk\8.0.425\Sdks\Microsoft.NET.Sdk\targets\Microsoft.NET.Sdk.targets (206,5)
       Property reassignment: $(RebuildDependsOn)="
             _SdkBeforeRebuild;
             
             BeforeRebuild;
             Clean;
             Build;
             AfterRebuild;
           
           " (previous value: "
             BeforeRebuild;
             Clean;
             Build;
             AfterRebuild;
           ") at C:\Program Files\dotnet\sdk\8.0.425\Sdks\Microsoft.NET.Sdk\targets\Microsoft.NET.Sdk.targets (213,5)
       Property reassignment: $(CompileDependsOn)="
             
             ResolveReferences;
             ResolveKeySource;
             SetWin32ManifestProperties;
             _SetPreferNativeArm64Win32ManifestProperties;
             FindReferenceAssembliesForReferences;
             _GenerateCompileInputs;
             BeforeCompile;
             _TimeStampBeforeCompile;
             _GenerateCompileDependencyCache;
             CoreCompile;
             _TimeStampAfterCompile;
             AfterCompile;
           ;
             _CreateAppHost;
             _CreateComHost;
             _GetIjwHostPaths;
           " (previous value: "
             ResolveReferences;
             ResolveKeySource;
             SetWin32ManifestProperties;
             _SetPreferNativeArm64Win32ManifestProperties;
             FindReferenceAssembliesForReferences;
             _GenerateCompileInputs;
             BeforeCompile;
             _TimeStampBeforeCompile;
             _GenerateCompileDependencyCache;
             CoreCompile;
             _TimeStampAfterCompile;
             AfterCompile;
           ") at C:\Program Files\dotnet\sdk\8.0.425\Sdks\Microsoft.NET.Sdk\targets\Microsoft.NET.Sdk.targets (679,5)
       Property reassignment: $(CreateSatelliteAssembliesDependsOn)="
             
             ;
             _GenerateSatelliteAssemblyInputs;
             ComputeIntermediateSatelliteAssemblies;
             GenerateSatelliteAssemblies
           ;
             CoreGenerateSatelliteAssemblies
           " (previous value: "
             ;
             _GenerateSatelliteAssemblyInputs;
             ComputeIntermediateSatelliteAssemblies;
             GenerateSatelliteAssemblies
           ") at C:\Program Files\dotnet\sdk\8.0.425\Sdks\Microsoft.NET.Sdk\targets\Microsoft.NET.Sdk.targets (1065,5)
       Property reassignment: $(SourceLinkUrlInitializerTargets)=";_InitializeGitHubSourceLinkUrl;_InitializeGitLabSourceLinkUrl" (previous value: ";_InitializeGitHubSourceLinkUrl") at C:\Program Files\dotnet\sdk\8.0.425\Sdks\Microsoft.SourceLink.GitLab\build\Microsoft.SourceLink.GitLab.targets (12,5)
       Property reassignment: $(SourceControlManagerUrlTranslationTargets)=";TranslateGitHubUrlsInSourceControlInformation;TranslateGitLabUrlsInSourceControlInformation" (previous value: ";TranslateGitHubUrlsInSourceControlInformation") at C:\Program Files\dotnet\sdk\8.0.425\Sdks\Microsoft.SourceLink.GitLab\build\Microsoft.SourceLink.GitLab.targets (13,5)
       Property reassignment: $(SourceLinkUrlInitializerTargets)=";_InitializeGitHubSourceLinkUrl;_InitializeGitLabSourceLinkUrl;_InitializeAzureReposGitSourceLinkUrl" (previous value: ";_InitializeGitHubSourceLinkUrl;_InitializeGitLabSourceLinkUrl") at C:\Program Files\dotnet\sdk\8.0.425\Sdks\Microsoft.SourceLink.AzureRepos.Git\build\Microsoft.SourceLink.AzureRepos.Git.targets (12,5)
       Property reassignment: $(SourceControlManagerUrlTranslationTargets)=";TranslateGitHubUrlsInSourceControlInformation;TranslateGitLabUrlsInSourceControlInformation;TranslateAzureReposGitUrlsInSourceControlInformation" (previous value: ";TranslateGitHubUrlsInSourceControlInformation;TranslateGitLabUrlsInSourceControlInformation") at C:\Program Files\dotnet\sdk\8.0.425\Sdks\Microsoft.SourceLink.AzureRepos.Git\build\Microsoft.SourceLink.AzureRepos.Git.targets (13,5)
       Property reassignment: $(SourceLinkUrlInitializerTargets)=";_InitializeGitHubSourceLinkUrl;_InitializeGitLabSourceLinkUrl;_InitializeAzureReposGitSourceLinkUrl;_InitializeBitbucketGitSourceLinkUrl" (previous value: ";_InitializeGitHubSourceLinkUrl;_InitializeGitLabSourceLinkUrl;_InitializeAzureReposGitSourceLinkUrl") at C:\Program Files\dotnet\sdk\8.0.425\Sdks\Microsoft.SourceLink.Bitbucket.Git\build\Microsoft.SourceLink.Bitbucket.Git.targets (12,5)
       Property reassignment: $(SourceControlManagerUrlTranslationTargets)=";TranslateGitHubUrlsInSourceControlInformation;TranslateGitLabUrlsInSourceControlInformation;TranslateAzureReposGitUrlsInSourceControlInformation;TranslateBitbucketGitUrlsInSourceControlInformation" (previous value: ";TranslateGitHubUrlsInSourceControlInformation;TranslateGitLabUrlsInSourceControlInformation;TranslateAzureReposGitUrlsInSourceControlInformation") at C:\Program Files\dotnet\sdk\8.0.425\Sdks\Microsoft.SourceLink.Bitbucket.Git\build\Microsoft.SourceLink.Bitbucket.Git.targets (13,5)
       Property reassignment: $(DesignerRuntimeImplementationProjectOutputGroupDependsOn)="
             
             ;
             
             ;
             BuildOnlySettings;
             PrepareForBuild;
             AssignTargetPaths;
             ResolveReferences
           
           ;
             _GenerateDesignerDepsFile;
             _GenerateDesignerRuntimeConfigFile;
             GetCopyToOutputDirectoryItems;
             _GatherDesignerShadowCopyFiles;
           " (previous value: "
             ;
             
             ;
             BuildOnlySettings;
             PrepareForBuild;
             AssignTargetPaths;
             ResolveReferences
           
           ") at C:\Program Files\dotnet\sdk\8.0.425\Sdks\Microsoft.NET.Sdk\targets\Microsoft.NET.DesignerSupport.targets (21,5)
       Property reassignment: $(_GenerateToolsSettingsFileCacheFile)="D:\AI-REAP\src\AiReap.Infrastructure\obj\Debug\net8.0\AiReap.Infrastructure.toolssettingsinput.cache" (previous value: "obj\Debug\net8.0\AiReap.Infrastructure.toolssettingsinput.cache") at C:\Program Files\dotnet\sdk\8.0.425\Sdks\Microsoft.NET.Sdk\targets\Microsoft.NET.PackTool.targets (68,5)
       Property reassignment: $(_ShimInputCacheFile)="D:\AI-REAP\src\AiReap.Infrastructure\obj\Debug\net8.0\AiReap.Infrastructure.shiminput.cache" (previous value: "obj\Debug\net8.0\AiReap.Infrastructure.shiminput.cache") at C:\Program Files\dotnet\sdk\8.0.425\Sdks\Microsoft.NET.Sdk\targets\Microsoft.NET.PackTool.targets (137,5)
       Property reassignment: $(_ShimCreatedSentinelFile)="D:\AI-REAP\src\AiReap.Infrastructure\obj\Debug\net8.0\AiReap.Infrastructure.shimcreated.sentinel" (previous value: "obj\Debug\net8.0\AiReap.Infrastructure.shimcreated.sentinel") at C:\Program Files\dotnet\sdk\8.0.425\Sdks\Microsoft.NET.Sdk\targets\Microsoft.NET.PackTool.targets (139,5)
       Property reassignment: $(DefineConstants)="TRACE;DEBUG" (previous value: "TRACE") at C:\Program Files\dotnet\sdk\8.0.425\Sdks\Microsoft.NET.Sdk\targets\Microsoft.NET.Sdk.CSharp.targets (31,5)
       Property reassignment: $(DefineConstants)="TRACE;DEBUG;NET;NET8_0;NETCOREAPP" (previous value: "TRACE;DEBUG") at C:\Program Files\dotnet\sdk\8.0.425\Sdks\Microsoft.NET.Sdk\targets\Microsoft.NET.Sdk.CSharp.targets (34,5)
       Property reassignment: $(WarningsAsErrors)=";NU1605;SYSLIB0011" (previous value: ";NU1605") at C:\Program Files\dotnet\sdk\8.0.425\Sdks\Microsoft.NET.Sdk\targets\Microsoft.NET.Sdk.CSharp.targets (48,5)
       Property reassignment: $(PackageDescription)="Package Description" (previous value: "") at C:\Program Files\dotnet\sdk\8.0.425\Sdks\NuGet.Build.Tasks.Pack\build\NuGet.Build.Tasks.Pack.targets (34,5)
       Property reassignment: $(GenerateNuspecDependsOn)="Build;_LoadPackInputItems; _GetTargetFrameworksOutput; _WalkEachTargetPerFramework; _GetPackageFiles; " (previous value: "_LoadPackInputItems; _GetTargetFrameworksOutput; _WalkEachTargetPerFramework; _GetPackageFiles; ") at C:\Program Files\dotnet\sdk\8.0.425\Sdks\NuGet.Build.Tasks.Pack\build\NuGet.Build.Tasks.Pack.targets (59,5)
       Property reassignment: $(_IsNotSetContainersTargetsDir)="true" (previous value: "false") at C:\Program Files\dotnet\sdk\8.0.425\Sdks\Microsoft.NET.Sdk\Sdk\Sdk.targets (59,5)
       Property reassignment: $(_IsSDKContainerAllowedVersion)="true" (previous value: "false") at C:\Program Files\dotnet\sdk\8.0.425\Containers\build\Microsoft.NET.Build.Containers.targets (5,5)
       Property reassignment: $(_ContainerIsTargetingNet8TFM)="true" (previous value: "false") at C:\Program Files\dotnet\sdk\8.0.425\Containers\build\Microsoft.NET.Build.Containers.targets (15,5)
       Assembly loaded during Evaluation: System.Reflection.Emit.Lightweight, Version=8.0.0.0, Culture=neutral, PublicKeyToken=b03f5f7f11d50a3a (location: C:\Program Files\dotnet\shared\Microsoft.NETCore.App\8.0.31\System.Reflection.Emit.Lightweight.dll, MVID: 1227fed9-b8cf-4a93-b136-4d51f498be09, AssemblyLoadContext: Default)
       Assembly loaded during Evaluation: System.Reflection.Emit.ILGeneration, Version=8.0.0.0, Culture=neutral, PublicKeyToken=b03f5f7f11d50a3a (location: C:\Program Files\dotnet\shared\Microsoft.NETCore.App\8.0.31\System.Reflection.Emit.ILGeneration.dll, MVID: 51b3b4b4-2d94-4195-9198-d7b187cc4ac7, AssemblyLoadContext: Default)
       Assembly loaded during Evaluation: System.Reflection.Primitives, Version=8.0.0.0, Culture=neutral, PublicKeyToken=b03f5f7f11d50a3a (location: C:\Program Files\dotnet\shared\Microsoft.NETCore.App\8.0.31\System.Reflection.Primitives.dll, MVID: c612b035-fd4a-4adf-8c06-81b71744fd69, AssemblyLoadContext: Default)
       Overriding target "ResolveFrameworkReferences" in project "C:\Program Files\dotnet\sdk\8.0.425\Microsoft.Common.CurrentVersion.targets" with target "ResolveFrameworkReferences" from project "C:\Program Files\dotnet\sdk\8.0.425\Sdks\Microsoft.NET.Sdk\targets\Microsoft.NET.Sdk.FrameworkReferenceResolution.targets".
       Overriding target "Run" in project "C:\Program Files\dotnet\sdk\8.0.425\Microsoft.Common.CurrentVersion.targets" with target "Run" from project "C:\Program Files\dotnet\sdk\8.0.425\Sdks\Microsoft.NET.Sdk\targets\Microsoft.NET.Sdk.targets".
       Overriding target "GenerateSupportedTargetFrameworkAlias" in project "C:\Program Files\dotnet\sdk\8.0.425\Microsoft.Common.CurrentVersion.targets" with target "GenerateSupportedTargetFrameworkAlias" from project "C:\Program Files\dotnet\sdk\8.0.425\Sdks\Microsoft.NET.Sdk\targets\Microsoft.NET.Sdk.targets".
       Overriding target "GetReferenceAssemblyPaths" in project "C:\Program Files\dotnet\sdk\8.0.425\Microsoft.Common.CurrentVersion.targets" with target "GetReferenceAssemblyPaths" from project "C:\Program Files\dotnet\sdk\8.0.425\Sdks\Microsoft.NET.Sdk\targets\Microsoft.NET.DisableStandardFrameworkResolution.targets".
       Overriding target "GetFrameworkPaths" in project "C:\Program Files\dotnet\sdk\8.0.425\Microsoft.Common.CurrentVersion.targets" with target "GetFrameworkPaths" from project "C:\Program Files\dotnet\sdk\8.0.425\Sdks\Microsoft.NET.Sdk\targets\Microsoft.NET.DisableStandardFrameworkResolution.targets".
       Overriding target "DesignerRuntimeImplementationProjectOutputGroup" in project "C:\Program Files\dotnet\sdk\8.0.425\Microsoft.Common.CurrentVersion.targets" with target "DesignerRuntimeImplementationProjectOutputGroup" from project "C:\Program Files\dotnet\sdk\8.0.425\Sdks\Microsoft.NET.Sdk\targets\Microsoft.NET.DesignerSupport.targets".
       Overriding target "Publish" in project "C:\Program Files\dotnet\sdk\8.0.425\Microsoft.Common.CurrentVersion.targets" with target "Publish" from project "C:\Program Files\dotnet\sdk\8.0.425\Sdks\Microsoft.NET.Sdk\targets\Microsoft.NET.Publish.targets".
       Overriding target "ResolveReadyToRunCompilers" in project "C:\Program Files\dotnet\sdk\8.0.425\Sdks\Microsoft.NET.Sdk\targets\Microsoft.NET.CrossGen.targets" with target "ResolveReadyToRunCompilers" from project "C:\Program Files\dotnet\sdk\8.0.425\Sdks\Microsoft.NET.Sdk\targets\Microsoft.NET.Publish.targets".
       Overriding target "GetCopyToPublishDirectoryItems" in project "C:\Program Files\dotnet\sdk\8.0.425\Microsoft.Common.CurrentVersion.targets" with target "GetCopyToPublishDirectoryItems" from project "C:\Program Files\dotnet\sdk\8.0.425\Sdks\Microsoft.NET.Sdk\targets\Microsoft.NET.Publish.targets".
     1>Project "D:\AI-REAP\src\AiReap.Infrastructure\AiReap.Infrastructure.csproj" on node 1 (Restore target(s)).
     1>Target "_LoadRestoreGraphEntryPoints" in file "C:\Program Files\dotnet\sdk\8.0.425\NuGet.targets" from project "D:\AI-REAP\src\AiReap.Infrastructure\AiReap.Infrastructure.csproj" (target "_FilterRestoreGraphProjectInputItems" depends on it):
     1>Task "GetRestoreSolutionProjectsTask" skipped, due to false condition; ( $(MSBuildProjectFullPath.EndsWith('.metaproj')) == 'true' AND @(RestoreGraphProjectInputItems) == '' ) was evaluated as ( False == 'true' AND D:\AI-REAP\src\AiReap.Infrastructure\AiReap.Infrastructure.csproj == '' ).
     1>Done building target "_LoadRestoreGraphEntryPoints" in project "AiReap.Infrastructure.csproj".
     1>Target "_FilterRestoreGraphProjectInputItems" in file "C:\Program Files\dotnet\sdk\8.0.425\NuGet.targets" from project "D:\AI-REAP\src\AiReap.Infrastructure\AiReap.Infrastructure.csproj" (target "_GenerateRestoreGraph" depends on it):
       Using "RemoveDuplicates" task from assembly "Microsoft.Build.Tasks.Core, Version=15.1.0.0, Culture=neutral, PublicKeyToken=b03f5f7f11d50a3a".
       Task "RemoveDuplicates"
       Done executing task "RemoveDuplicates".
       Using "MSBuild" task from assembly "Microsoft.Build.Tasks.Core, Version=15.1.0.0, Culture=neutral, PublicKeyToken=b03f5f7f11d50a3a".
       Task "MSBuild"
         Global Properties:
           ExcludeRestorePackageImports=true
     0>Property 'MSBuildExtensionsPath' with value 'C:\Program Files\dotnet\sdk\8.0.425\' expanded from the environment.
       Property reassignment: $(MSBuildProjectExtensionsPath)="D:\AI-REAP\src\AiReap.Infrastructure\obj\" (previous value: "obj\") at C:\Program Files\dotnet\sdk\8.0.425\Current\Microsoft.Common.props (60,5)
       Property 'MSBuildUserExtensionsPath' with value 'C:\Users\maryam.rehman\AppData\Local\Microsoft\MSBuild' expanded from the environment.
       Property reassignment: $(AssemblySearchPaths)="{CandidateAssemblyFiles};{HintPathFromItem}" (previous value: "{CandidateAssemblyFiles}") at C:\Program Files\dotnet\sdk\8.0.425\Sdks\Microsoft.NET.Sdk\targets\Microsoft.NET.Sdk.props (91,5)
       Property reassignment: $(AssemblySearchPaths)="{CandidateAssemblyFiles};{HintPathFromItem};{TargetFrameworkDirectory}" (previous value: "{CandidateAssemblyFiles};{HintPathFromItem}") at C:\Program Files\dotnet\sdk\8.0.425\Sdks\Microsoft.NET.Sdk\targets\Microsoft.NET.Sdk.props (92,5)
       Property reassignment: $(AssemblySearchPaths)="{CandidateAssemblyFiles};{HintPathFromItem};{TargetFrameworkDirectory};{RawFileName}" (previous value: "{CandidateAssemblyFiles};{HintPathFromItem};{TargetFrameworkDirectory}") at C:\Program Files\dotnet\sdk\8.0.425\Sdks\Microsoft.NET.Sdk\targets\Microsoft.NET.Sdk.props (93,5)
       Property reassignment: $(TargetsForTfmSpecificContentInPackage)=";PackTool;_PackProjectToolValidation" (previous value: ";PackTool") at C:\Program Files\dotnet\sdk\8.0.425\Sdks\Microsoft.NET.Sdk\targets\Microsoft.NET.PackProjectTool.props (15,5)
       Property reassignment: $(PublishProfileImported)="false" (previous value: "true") at C:\Program Files\dotnet\sdk\8.0.425\Sdks\Microsoft.NET.Sdk\targets\Microsoft.NET.Sdk.ImportPublishProfile.targets (28,5)
       Property reassignment: $(TargetPlatformVersion)="" (previous value: "0.0") at C:\Program Files\dotnet\sdk\8.0.425\Sdks\Microsoft.NET.Sdk\targets\Microsoft.NET.TargetFrameworkInference.targets (69,5)
       Property reassignment: $(DefaultItemExcludes)=";bin\Debug\/**;obj\Debug\/**" (previous value: ";bin\Debug\/**") at C:\Program Files\dotnet\sdk\8.0.425\Sdks\Microsoft.NET.Sdk\targets\Microsoft.NET.DefaultOutputPaths.targets (122,5)
       Property reassignment: $(OutputPath)="bin\Debug\net8.0\" (previous value: "bin\Debug\") at C:\Program Files\dotnet\sdk\8.0.425\Sdks\Microsoft.NET.Sdk\targets\Microsoft.NET.DefaultOutputPaths.targets (137,5)
       Property reassignment: $(IntermediateOutputPath)="obj\Debug\net8.0\" (previous value: "obj\Debug\") at C:\Program Files\dotnet\sdk\8.0.425\Sdks\Microsoft.NET.Sdk\targets\Microsoft.NET.DefaultOutputPaths.targets (142,5)
       Property reassignment: $(_FrameworkIdentifierForImplicitDefine)="NET" (previous value: "NETCOREAPP") at C:\Program Files\dotnet\sdk\8.0.425\Sdks\Microsoft.NET.Sdk\targets\Microsoft.NET.Sdk.BeforeCommon.targets (187,5)
       Property reassignment: $(_FrameworkVersionForImplicitDefine)="8_0" (previous value: "8.0") at C:\Program Files\dotnet\sdk\8.0.425\Sdks\Microsoft.NET.Sdk\targets\Microsoft.NET.Sdk.BeforeCommon.targets (192,5)
       Property reassignment: $(CommandLineArgsForDesignTimeEvaluation)="-langversion:12.0 -define:TRACE" (previous value: "-langversion:12.0") at C:\Program Files\dotnet\sdk\8.0.425\Roslyn\Microsoft.CSharp.Core.targets (200,5)
       Property reassignment: $(_DebugSymbolsProduced)="true" (previous value: "false") at C:\Program Files\dotnet\sdk\8.0.425\Microsoft.Common.CurrentVersion.targets (175,5)
       Property reassignment: $(_DocumentationFileProduced)="false" (previous value: "true") at C:\Program Files\dotnet\sdk\8.0.425\Microsoft.Common.CurrentVersion.targets (185,5)
       Property reassignment: $(MSBuildCopyMarkerName)="AiReap.I.BC56FBA6" (previous value: "AiReap.Infrastructure.csproj") at C:\Program Files\dotnet\sdk\8.0.425\Microsoft.Common.CurrentVersion.targets (392,5)
       Property reassignment: $(MSBuildCopyMarkerName)="AiReap.I.BC56FBA6.Up2Date" (previous value: "AiReap.I.BC56FBA6") at C:\Program Files\dotnet\sdk\8.0.425\Microsoft.Common.CurrentVersion.targets (393,5)
       Property reassignment: $(ProcessorArchitecture)="msil" (previous value: "") at C:\Program Files\dotnet\sdk\8.0.425\Microsoft.Common.CurrentVersion.targets (541,5)
       Property reassignment: $(DelaySign)="" (previous value: "false") at C:\Program Files\dotnet\sdk\8.0.425\Microsoft.Common.CurrentVersion.targets (580,5)
       Property 'LOCALAPPDATA' with value 'C:\Users\maryam.rehman\AppData\Local' expanded from the environment.
       Property reassignment: $(_SGenGenerateSerializationAssembliesConfig)="Auto" (previous value: "") at C:\Program Files\dotnet\sdk\8.0.425\Microsoft.Common.CurrentVersion.targets (3896,5)
       Property reassignment: $(_SGenGenerateSerializationAssembliesConfig)="Off" (previous value: "Auto") at C:\Program Files\dotnet\sdk\8.0.425\Microsoft.Common.CurrentVersion.targets (3897,5)
       Property reassignment: $(_TargetsThatPrepareProjectReferences)="
             AssignProjectConfiguration;
             _SplitProjectReferencesByFileExistence
           " (previous value: "_SplitProjectReferencesByFileExistence") at C:\Program Files\dotnet\sdk\8.0.425\Microsoft.Common.CurrentVersion.targets (5099,5)
       Property 'MSBuildExtensionsPath32' with value 'C:\Program Files\dotnet\sdk\8.0.425' expanded from the environment.
       Property reassignment: $(ProjectAssetsFile)="D:\AI-REAP\src\AiReap.Infrastructure\obj\project.assets.json" (previous value: "D:\AI-REAP\src\AiReap.Infrastructure\obj\/project.assets.json") at C:\Program Files\dotnet\sdk\8.0.425\Sdks\Microsoft.NET.Sdk\targets\Microsoft.PackageDependencyResolution.targets (24,5)
       Property reassignment: $(ProjectAssetsCacheFile)="D:\AI-REAP\src\AiReap.Infrastructure\obj\Debug\net8.0\AiReap.Infrastructure.assets.cache" (previous value: "obj\Debug\net8.0\AiReap.Infrastructure.assets.cache") at C:\Program Files\dotnet\sdk\8.0.425\Sdks\Microsoft.NET.Sdk\targets\Microsoft.PackageDependencyResolution.targets (29,5)
       Property reassignment: $(ResolveAssemblyReferencesDependsOn)="
             
             ResolveProjectReferences;
             FindInvalidProjectReferences;
             GetFrameworkPaths;
             GetReferenceAssemblyPaths;
             PrepareForBuild;
             ResolveSDKReferences;
             ExpandSDKReferences;
           ;
             ResolvePackageDependenciesForBuild;
             _HandlePackageFileConflicts;
           " (previous value: "
             ResolveProjectReferences;
             FindInvalidProjectReferences;
             GetFrameworkPaths;
             GetReferenceAssemblyPaths;
             PrepareForBuild;
             ResolveSDKReferences;
             ExpandSDKReferences;
           ") at C:\Program Files\dotnet\sdk\8.0.425\Sdks\Microsoft.NET.Sdk\targets\Microsoft.PackageDependencyResolution.targets (80,5)
       Property reassignment: $(PrepareResourcesDependsOn)="
             ResolvePackageDependenciesForBuild;
             _HandlePackageFileConflicts;
             
             ;
             PrepareResourceNames;
             ResGen;
             CompileLicxFiles
           
           " (previous value: "
             ;
             PrepareResourceNames;
             ResGen;
             CompileLicxFiles
           ") at C:\Program Files\dotnet\sdk\8.0.425\Sdks\Microsoft.NET.Sdk\targets\Microsoft.PackageDependencyResolution.targets (86,5)
       Property reassignment: $(DefaultItemExcludes)=";bin\Debug\/**;obj\Debug\/**;bin\/**" (previous value: ";bin\Debug\/**;obj\Debug\/**") at C:\Program Files\dotnet\sdk\8.0.425\Sdks\Microsoft.NET.Sdk\targets\Microsoft.NET.Sdk.DefaultItems.targets (27,5)
       Property reassignment: $(DefaultItemExcludes)=";bin\Debug\/**;obj\Debug\/**;bin\/**;obj\/**" (previous value: ";bin\Debug\/**;obj\Debug\/**;bin\/**") at C:\Program Files\dotnet\sdk\8.0.425\Sdks\Microsoft.NET.Sdk\targets\Microsoft.NET.Sdk.DefaultItems.targets (29,5)
       Property reassignment: $(DefaultItemExcludes)=";bin\Debug\/**;obj\Debug\/**;bin\/**;obj\/**;**/*.user" (previous value: ";bin\Debug\/**;obj\Debug\/**;bin\/**;obj\/**") at C:\Program Files\dotnet\sdk\8.0.425\Sdks\Microsoft.NET.Sdk\targets\Microsoft.NET.Sdk.DefaultItems.targets (32,5)
       Property reassignment: $(DefaultItemExcludes)=";bin\Debug\/**;obj\Debug\/**;bin\/**;obj\/**;**/*.user;**/*.*proj" (previous value: ";bin\Debug\/**;obj\Debug\/**;bin\/**;obj\/**;**/*.user") at C:\Program Files\dotnet\sdk\8.0.425\Sdks\Microsoft.NET.Sdk\targets\Microsoft.NET.Sdk.DefaultItems.targets (33,5)
       Property reassignment: $(DefaultItemExcludes)=";bin\Debug\/**;obj\Debug\/**;bin\/**;obj\/**;**/*.user;**/*.*proj;**/*.sln" (previous value: ";bin\Debug\/**;obj\Debug\/**;bin\/**;obj\/**;**/*.user;**/*.*proj") at C:\Program Files\dotnet\sdk\8.0.425\Sdks\Microsoft.NET.Sdk\targets\Microsoft.NET.Sdk.DefaultItems.targets (34,5)
       Property reassignment: $(DefaultItemExcludes)=";bin\Debug\/**;obj\Debug\/**;bin\/**;obj\/**;**/*.user;**/*.*proj;**/*.sln;**/*.vssscc" (previous value: ";bin\Debug\/**;obj\Debug\/**;bin\/**;obj\/**;**/*.user;**/*.*proj;**/*.sln") at C:\Program Files\dotnet\sdk\8.0.425\Sdks\Microsoft.NET.Sdk\targets\Microsoft.NET.Sdk.DefaultItems.targets (35,5)
       Property reassignment: $(DefaultItemExcludes)=";bin\Debug\/**;obj\Debug\/**;bin\/**;obj\/**;**/*.user;**/*.*proj;**/*.sln;**/*.vssscc;**/.DS_Store" (previous value: ";bin\Debug\/**;obj\Debug\/**;bin\/**;obj\/**;**/*.user;**/*.*proj;**/*.sln;**/*.vssscc") at C:\Program Files\dotnet\sdk\8.0.425\Sdks\Microsoft.NET.Sdk\targets\Microsoft.NET.Sdk.DefaultItems.targets (36,5)
       Property reassignment: $(ResolveAssemblyReferencesDependsOn)="
             
             
             ResolveProjectReferences;
             FindInvalidProjectReferences;
             GetFrameworkPaths;
             GetReferenceAssemblyPaths;
             PrepareForBuild;
             ResolveSDKReferences;
             ExpandSDKReferences;
           ;
             ResolvePackageDependenciesForBuild;
             _HandlePackageFileConflicts;
           ;
             ResolveTargetingPackAssets;
           " (previous value: "
             
             ResolveProjectReferences;
             FindInvalidProjectReferences;
             GetFrameworkPaths;
             GetReferenceAssemblyPaths;
             PrepareForBuild;
             ResolveSDKReferences;
             ExpandSDKReferences;
           ;
             ResolvePackageDependenciesForBuild;
             _HandlePackageFileConflicts;
           ") at C:\Program Files\dotnet\sdk\8.0.425\Sdks\Microsoft.NET.Sdk\targets\Microsoft.NET.Sdk.FrameworkReferenceResolution.targets (14,5)
       Property reassignment: $(_GenerateRuntimeConfigurationPropertyInputsCache)="D:\AI-REAP\src\AiReap.Infrastructure\obj\Debug\net8.0\AiReap.Infrastructure.genruntimeconfig.cache" (previous value: "obj\Debug\net8.0\AiReap.Infrastructure.genruntimeconfig.cache") at C:\Program Files\dotnet\sdk\8.0.425\Sdks\Microsoft.NET.Sdk\targets\Microsoft.NET.Sdk.targets (44,5)
       Property reassignment: $(_GeneratePublishDependencyFilePropertyInputsCache)="D:\AI-REAP\src\AiReap.Infrastructure\obj\Debug\net8.0\AiReap.Infrastructure.genpublishdeps.cache" (previous value: "obj\Debug\net8.0\AiReap.Infrastructure.genpublishdeps.cache") at C:\Program Files\dotnet\sdk\8.0.425\Sdks\Microsoft.NET.Sdk\targets\Microsoft.NET.Sdk.targets (46,5)
       Property reassignment: $(_GenerateSingleFileBundlePropertyInputsCache)="D:\AI-REAP\src\AiReap.Infrastructure\obj\Debug\net8.0\AiReap.Infrastructure.genbundle.cache" (previous value: "obj\Debug\net8.0\AiReap.Infrastructure.genbundle.cache") at C:\Program Files\dotnet\sdk\8.0.425\Sdks\Microsoft.NET.Sdk\targets\Microsoft.NET.Sdk.targets (48,5)
       Property reassignment: $(GenerateRuntimeConfigDevFile)="false" (previous value: "true") at C:\Program Files\dotnet\sdk\8.0.425\Sdks\Microsoft.NET.Sdk\targets\Microsoft.NET.Sdk.targets (81,5)
       Property 'HOME' with value 'C:\Users\maryam.rehman' expanded from the environment.
       Property 'USERPROFILE' with value 'C:\Users\maryam.rehman' expanded from the environment.
       Property reassignment: $(_DefaultUserProfileRuntimeStorePath)="C:\Users\maryam.rehman\.dotnet\store" (previous value: "C:\Users\maryam.rehman") at C:\Program Files\dotnet\sdk\8.0.425\Sdks\Microsoft.NET.Sdk\targets\Microsoft.NET.Sdk.targets (98,5)
       Property reassignment: $(AvailablePlatforms)="Any CPU,x86,x64,ARM32" (previous value: "Any CPU,x86,x64") at C:\Program Files\dotnet\sdk\8.0.425\Sdks\Microsoft.NET.Sdk\targets\Microsoft.NET.Sdk.targets (136,5)
       Property reassignment: $(AvailablePlatforms)="Any CPU,x86,x64,ARM32,ARM64" (previous value: "Any CPU,x86,x64,ARM32") at C:\Program Files\dotnet\sdk\8.0.425\Sdks\Microsoft.NET.Sdk\targets\Microsoft.NET.Sdk.targets (140,5)
       Property reassignment: $(CoreBuildDependsOn)="
             _CheckForBuildWithNoBuild;
             
             BuildOnlySettings;
             PrepareForBuild;
             PreBuildEvent;
             ResolveReferences;
             PrepareResources;
             ResolveKeySource;
             Compile;
             ExportWindowsMDFile;
             UnmanagedUnregistration;
             GenerateSerializationAssemblies;
             CreateSatelliteAssemblies;
             GenerateManifests;
             GetTargetPath;
             PrepareForRun;
             UnmanagedRegistration;
             IncrementalClean;
             PostBuildEvent
           ;
             GenerateBuildDependencyFile;
             GenerateBuildRuntimeConfigurationFiles
           " (previous value: "
             BuildOnlySettings;
             PrepareForBuild;
             PreBuildEvent;
             ResolveReferences;
             PrepareResources;
             ResolveKeySource;
             Compile;
             ExportWindowsMDFile;
             UnmanagedUnregistration;
             GenerateSerializationAssemblies;
             CreateSatelliteAssemblies;
             GenerateManifests;
             GetTargetPath;
             PrepareForRun;
             UnmanagedRegistration;
             IncrementalClean;
             PostBuildEvent
           ") at C:\Program Files\dotnet\sdk\8.0.425\Sdks\Microsoft.NET.Sdk\targets\Microsoft.NET.Sdk.targets (197,5)
       Property reassignment: $(CoreCleanDependsOn)="
             _SdkBeforeClean;
             
           " (previous value: "") at C:\Program Files\dotnet\sdk\8.0.425\Sdks\Microsoft.NET.Sdk\targets\Microsoft.NET.Sdk.targets (206,5)
       Property reassignment: $(RebuildDependsOn)="
             _SdkBeforeRebuild;
             
             BeforeRebuild;
             Clean;
             Build;
             AfterRebuild;
           
           " (previous value: "
             BeforeRebuild;
             Clean;
             Build;
             AfterRebuild;
           ") at C:\Program Files\dotnet\sdk\8.0.425\Sdks\Microsoft.NET.Sdk\targets\Microsoft.NET.Sdk.targets (213,5)
       Property reassignment: $(CompileDependsOn)="
             
             ResolveReferences;
             ResolveKeySource;
             SetWin32ManifestProperties;
             _SetPreferNativeArm64Win32ManifestProperties;
             FindReferenceAssembliesForReferences;
             _GenerateCompileInputs;
             BeforeCompile;
             _TimeStampBeforeCompile;
             _GenerateCompileDependencyCache;
             CoreCompile;
             _TimeStampAfterCompile;
             AfterCompile;
           ;
             _CreateAppHost;
             _CreateComHost;
             _GetIjwHostPaths;
           " (previous value: "
             ResolveReferences;
             ResolveKeySource;
             SetWin32ManifestProperties;
             _SetPreferNativeArm64Win32ManifestProperties;
             FindReferenceAssembliesForReferences;
             _GenerateCompileInputs;
             BeforeCompile;
             _TimeStampBeforeCompile;
             _GenerateCompileDependencyCache;
             CoreCompile;
             _TimeStampAfterCompile;
             AfterCompile;
           ") at C:\Program Files\dotnet\sdk\8.0.425\Sdks\Microsoft.NET.Sdk\targets\Microsoft.NET.Sdk.targets (679,5)
       Property reassignment: $(CreateSatelliteAssembliesDependsOn)="
             
             ;
             _GenerateSatelliteAssemblyInputs;
             ComputeIntermediateSatelliteAssemblies;
             GenerateSatelliteAssemblies
           ;
             CoreGenerateSatelliteAssemblies
           " (previous value: "
             ;
             _GenerateSatelliteAssemblyInputs;
             ComputeIntermediateSatelliteAssemblies;
             GenerateSatelliteAssemblies
           ") at C:\Program Files\dotnet\sdk\8.0.425\Sdks\Microsoft.NET.Sdk\targets\Microsoft.NET.Sdk.targets (1065,5)
       Property reassignment: $(SourceLinkUrlInitializerTargets)=";_InitializeGitHubSourceLinkUrl;_InitializeGitLabSourceLinkUrl" (previous value: ";_InitializeGitHubSourceLinkUrl") at C:\Program Files\dotnet\sdk\8.0.425\Sdks\Microsoft.SourceLink.GitLab\build\Microsoft.SourceLink.GitLab.targets (12,5)
       Property reassignment: $(SourceControlManagerUrlTranslationTargets)=";TranslateGitHubUrlsInSourceControlInformation;TranslateGitLabUrlsInSourceControlInformation" (previous value: ";TranslateGitHubUrlsInSourceControlInformation") at C:\Program Files\dotnet\sdk\8.0.425\Sdks\Microsoft.SourceLink.GitLab\build\Microsoft.SourceLink.GitLab.targets (13,5)
       Property reassignment: $(SourceLinkUrlInitializerTargets)=";_InitializeGitHubSourceLinkUrl;_InitializeGitLabSourceLinkUrl;_InitializeAzureReposGitSourceLinkUrl" (previous value: ";_InitializeGitHubSourceLinkUrl;_InitializeGitLabSourceLinkUrl") at C:\Program Files\dotnet\sdk\8.0.425\Sdks\Microsoft.SourceLink.AzureRepos.Git\build\Microsoft.SourceLink.AzureRepos.Git.targets (12,5)
       Property reassignment: $(SourceControlManagerUrlTranslationTargets)=";TranslateGitHubUrlsInSourceControlInformation;TranslateGitLabUrlsInSourceControlInformation;TranslateAzureReposGitUrlsInSourceControlInformation" (previous value: ";TranslateGitHubUrlsInSourceControlInformation;TranslateGitLabUrlsInSourceControlInformation") at C:\Program Files\dotnet\sdk\8.0.425\Sdks\Microsoft.SourceLink.AzureRepos.Git\build\Microsoft.SourceLink.AzureRepos.Git.targets (13,5)
       Property reassignment: $(SourceLinkUrlInitializerTargets)=";_InitializeGitHubSourceLinkUrl;_InitializeGitLabSourceLinkUrl;_InitializeAzureReposGitSourceLinkUrl;_InitializeBitbucketGitSourceLinkUrl" (previous value: ";_InitializeGitHubSourceLinkUrl;_InitializeGitLabSourceLinkUrl;_InitializeAzureReposGitSourceLinkUrl") at C:\Program Files\dotnet\sdk\8.0.425\Sdks\Microsoft.SourceLink.Bitbucket.Git\build\Microsoft.SourceLink.Bitbucket.Git.targets (12,5)
       Property reassignment: $(SourceControlManagerUrlTranslationTargets)=";TranslateGitHubUrlsInSourceControlInformation;TranslateGitLabUrlsInSourceControlInformation;TranslateAzureReposGitUrlsInSourceControlInformation;TranslateBitbucketGitUrlsInSourceControlInformation" (previous value: ";TranslateGitHubUrlsInSourceControlInformation;TranslateGitLabUrlsInSourceControlInformation;TranslateAzureReposGitUrlsInSourceControlInformation") at C:\Program Files\dotnet\sdk\8.0.425\Sdks\Microsoft.SourceLink.Bitbucket.Git\build\Microsoft.SourceLink.Bitbucket.Git.targets (13,5)
       Property reassignment: $(DesignerRuntimeImplementationProjectOutputGroupDependsOn)="
             
             ;
             
             ;
             BuildOnlySettings;
             PrepareForBuild;
             AssignTargetPaths;
             ResolveReferences
           
           ;
             _GenerateDesignerDepsFile;
             _GenerateDesignerRuntimeConfigFile;
             GetCopyToOutputDirectoryItems;
             _GatherDesignerShadowCopyFiles;
           " (previous value: "
             ;
             
             ;
             BuildOnlySettings;
             PrepareForBuild;
             AssignTargetPaths;
             ResolveReferences
           
           ") at C:\Program Files\dotnet\sdk\8.0.425\Sdks\Microsoft.NET.Sdk\targets\Microsoft.NET.DesignerSupport.targets (21,5)
       Property reassignment: $(_GenerateToolsSettingsFileCacheFile)="D:\AI-REAP\src\AiReap.Infrastructure\obj\Debug\net8.0\AiReap.Infrastructure.toolssettingsinput.cache" (previous value: "obj\Debug\net8.0\AiReap.Infrastructure.toolssettingsinput.cache") at C:\Program Files\dotnet\sdk\8.0.425\Sdks\Microsoft.NET.Sdk\targets\Microsoft.NET.PackTool.targets (68,5)
       Property reassignment: $(_ShimInputCacheFile)="D:\AI-REAP\src\AiReap.Infrastructure\obj\Debug\net8.0\AiReap.Infrastructure.shiminput.cache" (previous value: "obj\Debug\net8.0\AiReap.Infrastructure.shiminput.cache") at C:\Program Files\dotnet\sdk\8.0.425\Sdks\Microsoft.NET.Sdk\targets\Microsoft.NET.PackTool.targets (137,5)
       Property reassignment: $(_ShimCreatedSentinelFile)="D:\AI-REAP\src\AiReap.Infrastructure\obj\Debug\net8.0\AiReap.Infrastructure.shimcreated.sentinel" (previous value: "obj\Debug\net8.0\AiReap.Infrastructure.shimcreated.sentinel") at C:\Program Files\dotnet\sdk\8.0.425\Sdks\Microsoft.NET.Sdk\targets\Microsoft.NET.PackTool.targets (139,5)
       Property reassignment: $(DefineConstants)="TRACE;DEBUG" (previous value: "TRACE") at C:\Program Files\dotnet\sdk\8.0.425\Sdks\Microsoft.NET.Sdk\targets\Microsoft.NET.Sdk.CSharp.targets (31,5)
       Property reassignment: $(DefineConstants)="TRACE;DEBUG;NET;NET8_0;NETCOREAPP" (previous value: "TRACE;DEBUG") at C:\Program Files\dotnet\sdk\8.0.425\Sdks\Microsoft.NET.Sdk\targets\Microsoft.NET.Sdk.CSharp.targets (34,5)
       Property reassignment: $(WarningsAsErrors)=";NU1605;SYSLIB0011" (previous value: ";NU1605") at C:\Program Files\dotnet\sdk\8.0.425\Sdks\Microsoft.NET.Sdk\targets\Microsoft.NET.Sdk.CSharp.targets (48,5)
       Property reassignment: $(PackageDescription)="Package Description" (previous value: "") at C:\Program Files\dotnet\sdk\8.0.425\Sdks\NuGet.Build.Tasks.Pack\build\NuGet.Build.Tasks.Pack.targets (34,5)
       Property reassignment: $(GenerateNuspecDependsOn)="Build;_LoadPackInputItems; _GetTargetFrameworksOutput; _WalkEachTargetPerFramework; _GetPackageFiles; " (previous value: "_LoadPackInputItems; _GetTargetFrameworksOutput; _WalkEachTargetPerFramework; _GetPackageFiles; ") at C:\Program Files\dotnet\sdk\8.0.425\Sdks\NuGet.Build.Tasks.Pack\build\NuGet.Build.Tasks.Pack.targets (59,5)
       Property reassignment: $(_IsNotSetContainersTargetsDir)="true" (previous value: "false") at C:\Program Files\dotnet\sdk\8.0.425\Sdks\Microsoft.NET.Sdk\Sdk\Sdk.targets (59,5)
       Property reassignment: $(_IsSDKContainerAllowedVersion)="true" (previous value: "false") at C:\Program Files\dotnet\sdk\8.0.425\Containers\build\Microsoft.NET.Build.Containers.targets (5,5)
       Property reassignment: $(_ContainerIsTargetingNet8TFM)="true" (previous value: "false") at C:\Program Files\dotnet\sdk\8.0.425\Containers\build\Microsoft.NET.Build.Containers.targets (15,5)
       Overriding target "ResolveFrameworkReferences" in project "C:\Program Files\dotnet\sdk\8.0.425\Microsoft.Common.CurrentVersion.targets" with target "ResolveFrameworkReferences" from project "C:\Program Files\dotnet\sdk\8.0.425\Sdks\Microsoft.NET.Sdk\targets\Microsoft.NET.Sdk.FrameworkReferenceResolution.targets".
       Overriding target "Run" in project "C:\Program Files\dotnet\sdk\8.0.425\Microsoft.Common.CurrentVersion.targets" with target "Run" from project "C:\Program Files\dotnet\sdk\8.0.425\Sdks\Microsoft.NET.Sdk\targets\Microsoft.NET.Sdk.targets".
       Overriding target "GenerateSupportedTargetFrameworkAlias" in project "C:\Program Files\dotnet\sdk\8.0.425\Microsoft.Common.CurrentVersion.targets" with target "GenerateSupportedTargetFrameworkAlias" from project "C:\Program Files\dotnet\sdk\8.0.425\Sdks\Microsoft.NET.Sdk\targets\Microsoft.NET.Sdk.targets".
       Overriding target "GetReferenceAssemblyPaths" in project "C:\Program Files\dotnet\sdk\8.0.425\Microsoft.Common.CurrentVersion.targets" with target "GetReferenceAssemblyPaths" from project "C:\Program Files\dotnet\sdk\8.0.425\Sdks\Microsoft.NET.Sdk\targets\Microsoft.NET.DisableStandardFrameworkResolution.targets".
       Overriding target "GetFrameworkPaths" in project "C:\Program Files\dotnet\sdk\8.0.425\Microsoft.Common.CurrentVersion.targets" with target "GetFrameworkPaths" from project "C:\Program Files\dotnet\sdk\8.0.425\Sdks\Microsoft.NET.Sdk\targets\Microsoft.NET.DisableStandardFrameworkResolution.targets".
       Overriding target "DesignerRuntimeImplementationProjectOutputGroup" in project "C:\Program Files\dotnet\sdk\8.0.425\Microsoft.Common.CurrentVersion.targets" with target "DesignerRuntimeImplementationProjectOutputGroup" from project "C:\Program Files\dotnet\sdk\8.0.425\Sdks\Microsoft.NET.Sdk\targets\Microsoft.NET.DesignerSupport.targets".
       Overriding target "Publish" in project "C:\Program Files\dotnet\sdk\8.0.425\Microsoft.Common.CurrentVersion.targets" with target "Publish" from project "C:\Program Files\dotnet\sdk\8.0.425\Sdks\Microsoft.NET.Sdk\targets\Microsoft.NET.Publish.targets".
       Overriding target "ResolveReadyToRunCompilers" in project "C:\Program Files\dotnet\sdk\8.0.425\Sdks\Microsoft.NET.Sdk\targets\Microsoft.NET.CrossGen.targets" with target "ResolveReadyToRunCompilers" from project "C:\Program Files\dotnet\sdk\8.0.425\Sdks\Microsoft.NET.Sdk\targets\Microsoft.NET.Publish.targets".
       Overriding target "GetCopyToPublishDirectoryItems" in project "C:\Program Files\dotnet\sdk\8.0.425\Microsoft.Common.CurrentVersion.targets" with target "GetCopyToPublishDirectoryItems" from project "C:\Program Files\dotnet\sdk\8.0.425\Sdks\Microsoft.NET.Sdk\targets\Microsoft.NET.Publish.targets".
     1>Project "D:\AI-REAP\src\AiReap.Infrastructure\AiReap.Infrastructure.csproj" (1) is building "D:\AI-REAP\src\AiReap.Infrastructure\AiReap.Infrastructure.csproj" (1:2) on node 1 (_IsProjectRestoreSupported target(s)).
   1:2>Target "_IsProjectRestoreSupported" in file "C:\Program Files\dotnet\sdk\8.0.425\NuGet.targets" from project "D:\AI-REAP\src\AiReap.Infrastructure\AiReap.Infrastructure.csproj" (entry point):
   1:2>Done building target "_IsProjectRestoreSupported" in project "AiReap.Infrastructure.csproj".
   1:2>Done Building Project "D:\AI-REAP\src\AiReap.Infrastructure\AiReap.Infrastructure.csproj" (_IsProjectRestoreSupported target(s)).
     1>Done executing task "MSBuild".
       Task "MSBuild" skipped, due to false condition; ( '$(RestoreUseSkipNonexistentTargets)' != 'true' ) was evaluated as ( 'true' != 'true' ).
       Assembly loaded during TaskRun: NuGet.Build.Tasks, Version=6.11.2.1, Culture=neutral, PublicKeyToken=31bf3856ad364e35 (location: C:\Program Files\dotnet\sdk\8.0.425\NuGet.Build.Tasks.dll, MVID: 3f3a6e89-b56d-43da-8480-71aeb94f0e02, AssemblyLoadContext: MSBuild plugin C:\Program Files\dotnet\sdk\8.0.425\NuGet.Build.Tasks.dll)
       Assembly loaded during TaskRun: NuGet.Common, Version=6.11.2.1, Culture=neutral, PublicKeyToken=31bf3856ad364e35 (location: C:\Program Files\dotnet\sdk\8.0.425\NuGet.Common.dll, MVID: 15376c23-a43e-4971-b931-008e4d673049, AssemblyLoadContext: MSBuild plugin C:\Program Files\dotnet\sdk\8.0.425\NuGet.Build.Tasks.dll)
       Assembly loaded during TaskRun: NuGet.Commands, Version=6.11.2.1, Culture=neutral, PublicKeyToken=31bf3856ad364e35 (location: C:\Program Files\dotnet\sdk\8.0.425\NuGet.Commands.dll, MVID: ff044f7d-8bd9-4bc1-89f4-801a22469c8a, AssemblyLoadContext: MSBuild plugin C:\Program Files\dotnet\sdk\8.0.425\NuGet.Build.Tasks.dll)
       Assembly loaded during TaskRun: NuGet.ProjectModel, Version=6.11.2.1, Culture=neutral, PublicKeyToken=31bf3856ad364e35 (location: C:\Program Files\dotnet\sdk\8.0.425\NuGet.ProjectModel.dll, MVID: 755a1321-399c-4749-8017-d641fe1d10e2, AssemblyLoadContext: MSBuild plugin C:\Program Files\dotnet\sdk\8.0.425\NuGet.Build.Tasks.dll)
       Using "WarnForInvalidProjectsTask" task from assembly "C:\Program Files\dotnet\sdk\8.0.425\NuGet.Build.Tasks.dll".
       Task "WarnForInvalidProjectsTask"
       Done executing task "WarnForInvalidProjectsTask".
     1>Done building target "_FilterRestoreGraphProjectInputItems" in project "AiReap.Infrastructure.csproj".
       Target "_FilterRestoreGraphProjectInputItems" skipped. Previously built successfully.
     1>Target "_GetAllRestoreProjectPathItems" in file "C:\Program Files\dotnet\sdk\8.0.425\NuGet.targets" from project "D:\AI-REAP\src\AiReap.Infrastructure\AiReap.Infrastructure.csproj" (target "_GenerateRestoreGraph" depends on it):
       Using "NuGetMessageTask" task from assembly "C:\Program Files\dotnet\sdk\8.0.425\NuGet.Build.Tasks.dll".
       Task "NuGetMessageTask"
         Determining projects to restore...
       Done executing task "NuGetMessageTask".
       Task "MSBuild"
         Global Properties:
           ExcludeRestorePackageImports=true
     1>Project "D:\AI-REAP\src\AiReap.Infrastructure\AiReap.Infrastructure.csproj" (1) is building "D:\AI-REAP\src\AiReap.Infrastructure\AiReap.Infrastructure.csproj" (1:3) on node 1 (_GenerateRestoreProjectPathWalk target(s)).
   1:3>Target "_GenerateRestoreProjectPathItemsAllFrameworks" skipped, due to false condition; ( '$(TargetFrameworks)' != '' ) was evaluated as ( '' != '' ).
   1:3>Target "_GenerateRestoreProjectPathItemsPerFramework" in file "C:\Program Files\dotnet\sdk\8.0.425\NuGet.targets" from project "D:\AI-REAP\src\AiReap.Infrastructure\AiReap.Infrastructure.csproj" (target "_GenerateRestoreProjectPathItemsCurrentProject" depends on it):
       Using "ConvertToAbsolutePath" task from assembly "Microsoft.Build.Tasks.Core, Version=15.1.0.0, Culture=neutral, PublicKeyToken=b03f5f7f11d50a3a".
       Task "ConvertToAbsolutePath"
       Done executing task "ConvertToAbsolutePath".
   1:3>Done building target "_GenerateRestoreProjectPathItemsPerFramework" in project "AiReap.Infrastructure.csproj".
   1:3>Target "_GenerateRestoreProjectPathItemsCurrentProject" in file "C:\Program Files\dotnet\sdk\8.0.425\NuGet.targets" from project "D:\AI-REAP\src\AiReap.Infrastructure\AiReap.Infrastructure.csproj" (target "_GenerateRestoreProjectPathItems" depends on it):
   1:3>Done building target "_GenerateRestoreProjectPathItemsCurrentProject" in project "AiReap.Infrastructure.csproj".
   1:3>Target "_GenerateRestoreProjectPathItems" in file "C:\Program Files\dotnet\sdk\8.0.425\NuGet.targets" from project "D:\AI-REAP\src\AiReap.Infrastructure\AiReap.Infrastructure.csproj" (target "_GenerateRestoreProjectPathWalk" depends on it):
       Task "RemoveDuplicates"
       Done executing task "RemoveDuplicates".
   1:3>Done building target "_GenerateRestoreProjectPathItems" in project "AiReap.Infrastructure.csproj".
   1:3>Target "_GenerateRestoreProjectPathWalk" in file "C:\Program Files\dotnet\sdk\8.0.425\NuGet.targets" from project "D:\AI-REAP\src\AiReap.Infrastructure\AiReap.Infrastructure.csproj" (entry point):
       Task "MSBuild"
         Global Properties:
           ExcludeRestorePackageImports=true
     0>Property 'MSBuildExtensionsPath' with value 'C:\Program Files\dotnet\sdk\8.0.425\' expanded from the environment.
       Property reassignment: $(MSBuildProjectExtensionsPath)="D:\AI-REAP\src\AiReap.Domain\obj\" (previous value: "obj\") at C:\Program Files\dotnet\sdk\8.0.425\Current\Microsoft.Common.props (60,5)
       Property 'MSBuildUserExtensionsPath' with value 'C:\Users\maryam.rehman\AppData\Local\Microsoft\MSBuild' expanded from the environment.
       Property reassignment: $(AssemblySearchPaths)="{CandidateAssemblyFiles};{HintPathFromItem}" (previous value: "{CandidateAssemblyFiles}") at C:\Program Files\dotnet\sdk\8.0.425\Sdks\Microsoft.NET.Sdk\targets\Microsoft.NET.Sdk.props (91,5)
       Property reassignment: $(AssemblySearchPaths)="{CandidateAssemblyFiles};{HintPathFromItem};{TargetFrameworkDirectory}" (previous value: "{CandidateAssemblyFiles};{HintPathFromItem}") at C:\Program Files\dotnet\sdk\8.0.425\Sdks\Microsoft.NET.Sdk\targets\Microsoft.NET.Sdk.props (92,5)
       Property reassignment: $(AssemblySearchPaths)="{CandidateAssemblyFiles};{HintPathFromItem};{TargetFrameworkDirectory};{RawFileName}" (previous value: "{CandidateAssemblyFiles};{HintPathFromItem};{TargetFrameworkDirectory}") at C:\Program Files\dotnet\sdk\8.0.425\Sdks\Microsoft.NET.Sdk\targets\Microsoft.NET.Sdk.props (93,5)
       Property reassignment: $(TargetsForTfmSpecificContentInPackage)=";PackTool;_PackProjectToolValidation" (previous value: ";PackTool") at C:\Program Files\dotnet\sdk\8.0.425\Sdks\Microsoft.NET.Sdk\targets\Microsoft.NET.PackProjectTool.props (15,5)
       Property reassignment: $(PublishProfileImported)="false" (previous value: "true") at C:\Program Files\dotnet\sdk\8.0.425\Sdks\Microsoft.NET.Sdk\targets\Microsoft.NET.Sdk.ImportPublishProfile.targets (28,5)
       Property reassignment: $(TargetPlatformVersion)="" (previous value: "0.0") at C:\Program Files\dotnet\sdk\8.0.425\Sdks\Microsoft.NET.Sdk\targets\Microsoft.NET.TargetFrameworkInference.targets (69,5)
       Property reassignment: $(DefaultItemExcludes)=";bin\Debug\/**;obj\Debug\/**" (previous value: ";bin\Debug\/**") at C:\Program Files\dotnet\sdk\8.0.425\Sdks\Microsoft.NET.Sdk\targets\Microsoft.NET.DefaultOutputPaths.targets (122,5)
       Property reassignment: $(OutputPath)="bin\Debug\net8.0\" (previous value: "bin\Debug\") at C:\Program Files\dotnet\sdk\8.0.425\Sdks\Microsoft.NET.Sdk\targets\Microsoft.NET.DefaultOutputPaths.targets (137,5)
       Property reassignment: $(IntermediateOutputPath)="obj\Debug\net8.0\" (previous value: "obj\Debug\") at C:\Program Files\dotnet\sdk\8.0.425\Sdks\Microsoft.NET.Sdk\targets\Microsoft.NET.DefaultOutputPaths.targets (142,5)
       Property reassignment: $(_FrameworkIdentifierForImplicitDefine)="NET" (previous value: "NETCOREAPP") at C:\Program Files\dotnet\sdk\8.0.425\Sdks\Microsoft.NET.Sdk\targets\Microsoft.NET.Sdk.BeforeCommon.targets (187,5)
       Property reassignment: $(_FrameworkVersionForImplicitDefine)="8_0" (previous value: "8.0") at C:\Program Files\dotnet\sdk\8.0.425\Sdks\Microsoft.NET.Sdk\targets\Microsoft.NET.Sdk.BeforeCommon.targets (192,5)
       Property reassignment: $(CommandLineArgsForDesignTimeEvaluation)="-langversion:12.0 -define:TRACE" (previous value: "-langversion:12.0") at C:\Program Files\dotnet\sdk\8.0.425\Roslyn\Microsoft.CSharp.Core.targets (200,5)
       Property reassignment: $(_DebugSymbolsProduced)="true" (previous value: "false") at C:\Program Files\dotnet\sdk\8.0.425\Microsoft.Common.CurrentVersion.targets (175,5)
       Property reassignment: $(_DocumentationFileProduced)="false" (previous value: "true") at C:\Program Files\dotnet\sdk\8.0.425\Microsoft.Common.CurrentVersion.targets (185,5)
       Property reassignment: $(MSBuildCopyMarkerName)="AiReap.D.6E32A423" (previous value: "AiReap.Domain.csproj") at C:\Program Files\dotnet\sdk\8.0.425\Microsoft.Common.CurrentVersion.targets (392,5)
       Property reassignment: $(MSBuildCopyMarkerName)="AiReap.D.6E32A423.Up2Date" (previous value: "AiReap.D.6E32A423") at C:\Program Files\dotnet\sdk\8.0.425\Microsoft.Common.CurrentVersion.targets (393,5)
       Property reassignment: $(ProcessorArchitecture)="msil" (previous value: "") at C:\Program Files\dotnet\sdk\8.0.425\Microsoft.Common.CurrentVersion.targets (541,5)
       Property reassignment: $(DelaySign)="" (previous value: "false") at C:\Program Files\dotnet\sdk\8.0.425\Microsoft.Common.CurrentVersion.targets (580,5)
       Property 'LOCALAPPDATA' with value 'C:\Users\maryam.rehman\AppData\Local' expanded from the environment.
       Property reassignment: $(_SGenGenerateSerializationAssembliesConfig)="Auto" (previous value: "") at C:\Program Files\dotnet\sdk\8.0.425\Microsoft.Common.CurrentVersion.targets (3896,5)
       Property reassignment: $(_SGenGenerateSerializationAssembliesConfig)="Off" (previous value: "Auto") at C:\Program Files\dotnet\sdk\8.0.425\Microsoft.Common.CurrentVersion.targets (3897,5)
       Property reassignment: $(_TargetsThatPrepareProjectReferences)="
             AssignProjectConfiguration;
             _SplitProjectReferencesByFileExistence
           " (previous value: "_SplitProjectReferencesByFileExistence") at C:\Program Files\dotnet\sdk\8.0.425\Microsoft.Common.CurrentVersion.targets (5099,5)
       Property 'MSBuildExtensionsPath32' with value 'C:\Program Files\dotnet\sdk\8.0.425' expanded from the environment.
       Property reassignment: $(ProjectAssetsFile)="D:\AI-REAP\src\AiReap.Domain\obj\project.assets.json" (previous value: "D:\AI-REAP\src\AiReap.Domain\obj\/project.assets.json") at C:\Program Files\dotnet\sdk\8.0.425\Sdks\Microsoft.NET.Sdk\targets\Microsoft.PackageDependencyResolution.targets (24,5)
       Property reassignment: $(ProjectAssetsCacheFile)="D:\AI-REAP\src\AiReap.Domain\obj\Debug\net8.0\AiReap.Domain.assets.cache" (previous value: "obj\Debug\net8.0\AiReap.Domain.assets.cache") at C:\Program Files\dotnet\sdk\8.0.425\Sdks\Microsoft.NET.Sdk\targets\Microsoft.PackageDependencyResolution.targets (29,5)
       Property reassignment: $(ResolveAssemblyReferencesDependsOn)="
             
             ResolveProjectReferences;
             FindInvalidProjectReferences;
             GetFrameworkPaths;
             GetReferenceAssemblyPaths;
             PrepareForBuild;
             ResolveSDKReferences;
             ExpandSDKReferences;
           ;
             ResolvePackageDependenciesForBuild;
             _HandlePackageFileConflicts;
           " (previous value: "
             ResolveProjectReferences;
             FindInvalidProjectReferences;
             GetFrameworkPaths;
             GetReferenceAssemblyPaths;
             PrepareForBuild;
             ResolveSDKReferences;
             ExpandSDKReferences;
           ") at C:\Program Files\dotnet\sdk\8.0.425\Sdks\Microsoft.NET.Sdk\targets\Microsoft.PackageDependencyResolution.targets (80,5)
       Property reassignment: $(PrepareResourcesDependsOn)="
             ResolvePackageDependenciesForBuild;
             _HandlePackageFileConflicts;
             
             ;
             PrepareResourceNames;
             ResGen;
             CompileLicxFiles
           
           " (previous value: "
             ;
             PrepareResourceNames;
             ResGen;
             CompileLicxFiles
           ") at C:\Program Files\dotnet\sdk\8.0.425\Sdks\Microsoft.NET.Sdk\targets\Microsoft.PackageDependencyResolution.targets (86,5)
       Property reassignment: $(DefaultItemExcludes)=";bin\Debug\/**;obj\Debug\/**;bin\/**" (previous value: ";bin\Debug\/**;obj\Debug\/**") at C:\Program Files\dotnet\sdk\8.0.425\Sdks\Microsoft.NET.Sdk\targets\Microsoft.NET.Sdk.DefaultItems.targets (27,5)
       Property reassignment: $(DefaultItemExcludes)=";bin\Debug\/**;obj\Debug\/**;bin\/**;obj\/**" (previous value: ";bin\Debug\/**;obj\Debug\/**;bin\/**") at C:\Program Files\dotnet\sdk\8.0.425\Sdks\Microsoft.NET.Sdk\targets\Microsoft.NET.Sdk.DefaultItems.targets (29,5)
       Property reassignment: $(DefaultItemExcludes)=";bin\Debug\/**;obj\Debug\/**;bin\/**;obj\/**;**/*.user" (previous value: ";bin\Debug\/**;obj\Debug\/**;bin\/**;obj\/**") at C:\Program Files\dotnet\sdk\8.0.425\Sdks\Microsoft.NET.Sdk\targets\Microsoft.NET.Sdk.DefaultItems.targets (32,5)
       Property reassignment: $(DefaultItemExcludes)=";bin\Debug\/**;obj\Debug\/**;bin\/**;obj\/**;**/*.user;**/*.*proj" (previous value: ";bin\Debug\/**;obj\Debug\/**;bin\/**;obj\/**;**/*.user") at C:\Program Files\dotnet\sdk\8.0.425\Sdks\Microsoft.NET.Sdk\targets\Microsoft.NET.Sdk.DefaultItems.targets (33,5)
       Property reassignment: $(DefaultItemExcludes)=";bin\Debug\/**;obj\Debug\/**;bin\/**;obj\/**;**/*.user;**/*.*proj;**/*.sln" (previous value: ";bin\Debug\/**;obj\Debug\/**;bin\/**;obj\/**;**/*.user;**/*.*proj") at C:\Program Files\dotnet\sdk\8.0.425\Sdks\Microsoft.NET.Sdk\targets\Microsoft.NET.Sdk.DefaultItems.targets (34,5)
       Property reassignment: $(DefaultItemExcludes)=";bin\Debug\/**;obj\Debug\/**;bin\/**;obj\/**;**/*.user;**/*.*proj;**/*.sln;**/*.vssscc" (previous value: ";bin\Debug\/**;obj\Debug\/**;bin\/**;obj\/**;**/*.user;**/*.*proj;**/*.sln") at C:\Program Files\dotnet\sdk\8.0.425\Sdks\Microsoft.NET.Sdk\targets\Microsoft.NET.Sdk.DefaultItems.targets (35,5)
       Property reassignment: $(DefaultItemExcludes)=";bin\Debug\/**;obj\Debug\/**;bin\/**;obj\/**;**/*.user;**/*.*proj;**/*.sln;**/*.vssscc;**/.DS_Store" (previous value: ";bin\Debug\/**;obj\Debug\/**;bin\/**;obj\/**;**/*.user;**/*.*proj;**/*.sln;**/*.vssscc") at C:\Program Files\dotnet\sdk\8.0.425\Sdks\Microsoft.NET.Sdk\targets\Microsoft.NET.Sdk.DefaultItems.targets (36,5)
       Property reassignment: $(ResolveAssemblyReferencesDependsOn)="
             
             
             ResolveProjectReferences;
             FindInvalidProjectReferences;
             GetFrameworkPaths;
             GetReferenceAssemblyPaths;
             PrepareForBuild;
             ResolveSDKReferences;
             ExpandSDKReferences;
           ;
             ResolvePackageDependenciesForBuild;
             _HandlePackageFileConflicts;
           ;
             ResolveTargetingPackAssets;
           " (previous value: "
             
             ResolveProjectReferences;
             FindInvalidProjectReferences;
             GetFrameworkPaths;
             GetReferenceAssemblyPaths;
             PrepareForBuild;
             ResolveSDKReferences;
             ExpandSDKReferences;
           ;
             ResolvePackageDependenciesForBuild;
             _HandlePackageFileConflicts;
           ") at C:\Program Files\dotnet\sdk\8.0.425\Sdks\Microsoft.NET.Sdk\targets\Microsoft.NET.Sdk.FrameworkReferenceResolution.targets (14,5)
       Property reassignment: $(_GenerateRuntimeConfigurationPropertyInputsCache)="D:\AI-REAP\src\AiReap.Domain\obj\Debug\net8.0\AiReap.Domain.genruntimeconfig.cache" (previous value: "obj\Debug\net8.0\AiReap.Domain.genruntimeconfig.cache") at C:\Program Files\dotnet\sdk\8.0.425\Sdks\Microsoft.NET.Sdk\targets\Microsoft.NET.Sdk.targets (44,5)
       Property reassignment: $(_GeneratePublishDependencyFilePropertyInputsCache)="D:\AI-REAP\src\AiReap.Domain\obj\Debug\net8.0\AiReap.Domain.genpublishdeps.cache" (previous value: "obj\Debug\net8.0\AiReap.Domain.genpublishdeps.cache") at C:\Program Files\dotnet\sdk\8.0.425\Sdks\Microsoft.NET.Sdk\targets\Microsoft.NET.Sdk.targets (46,5)
       Property reassignment: $(_GenerateSingleFileBundlePropertyInputsCache)="D:\AI-REAP\src\AiReap.Domain\obj\Debug\net8.0\AiReap.Domain.genbundle.cache" (previous value: "obj\Debug\net8.0\AiReap.Domain.genbundle.cache") at C:\Program Files\dotnet\sdk\8.0.425\Sdks\Microsoft.NET.Sdk\targets\Microsoft.NET.Sdk.targets (48,5)
       Property reassignment: $(GenerateRuntimeConfigDevFile)="false" (previous value: "true") at C:\Program Files\dotnet\sdk\8.0.425\Sdks\Microsoft.NET.Sdk\targets\Microsoft.NET.Sdk.targets (81,5)
       Property 'HOME' with value 'C:\Users\maryam.rehman' expanded from the environment.
       Property 'USERPROFILE' with value 'C:\Users\maryam.rehman' expanded from the environment.
       Property reassignment: $(_DefaultUserProfileRuntimeStorePath)="C:\Users\maryam.rehman\.dotnet\store" (previous value: "C:\Users\maryam.rehman") at C:\Program Files\dotnet\sdk\8.0.425\Sdks\Microsoft.NET.Sdk\targets\Microsoft.NET.Sdk.targets (98,5)
       Property reassignment: $(AvailablePlatforms)="Any CPU,x86,x64,ARM32" (previous value: "Any CPU,x86,x64") at C:\Program Files\dotnet\sdk\8.0.425\Sdks\Microsoft.NET.Sdk\targets\Microsoft.NET.Sdk.targets (136,5)
       Property reassignment: $(AvailablePlatforms)="Any CPU,x86,x64,ARM32,ARM64" (previous value: "Any CPU,x86,x64,ARM32") at C:\Program Files\dotnet\sdk\8.0.425\Sdks\Microsoft.NET.Sdk\targets\Microsoft.NET.Sdk.targets (140,5)
       Property reassignment: $(CoreBuildDependsOn)="
             _CheckForBuildWithNoBuild;
             
             BuildOnlySettings;
             PrepareForBuild;
             PreBuildEvent;
             ResolveReferences;
             PrepareResources;
             ResolveKeySource;
             Compile;
             ExportWindowsMDFile;
             UnmanagedUnregistration;
             GenerateSerializationAssemblies;
             CreateSatelliteAssemblies;
             GenerateManifests;
             GetTargetPath;
             PrepareForRun;
             UnmanagedRegistration;
             IncrementalClean;
             PostBuildEvent
           ;
             GenerateBuildDependencyFile;
             GenerateBuildRuntimeConfigurationFiles
           " (previous value: "
             BuildOnlySettings;
             PrepareForBuild;
             PreBuildEvent;
             ResolveReferences;
             PrepareResources;
             ResolveKeySource;
             Compile;
             ExportWindowsMDFile;
             UnmanagedUnregistration;
             GenerateSerializationAssemblies;
             CreateSatelliteAssemblies;
             GenerateManifests;
             GetTargetPath;
             PrepareForRun;
             UnmanagedRegistration;
             IncrementalClean;
             PostBuildEvent
           ") at C:\Program Files\dotnet\sdk\8.0.425\Sdks\Microsoft.NET.Sdk\targets\Microsoft.NET.Sdk.targets (197,5)
       Property reassignment: $(CoreCleanDependsOn)="
             _SdkBeforeClean;
             
           " (previous value: "") at C:\Program Files\dotnet\sdk\8.0.425\Sdks\Microsoft.NET.Sdk\targets\Microsoft.NET.Sdk.targets (206,5)
       Property reassignment: $(RebuildDependsOn)="
             _SdkBeforeRebuild;
             
             BeforeRebuild;
             Clean;
             Build;
             AfterRebuild;
           
           " (previous value: "
             BeforeRebuild;
             Clean;
             Build;
             AfterRebuild;
           ") at C:\Program Files\dotnet\sdk\8.0.425\Sdks\Microsoft.NET.Sdk\targets\Microsoft.NET.Sdk.targets (213,5)
       Property reassignment: $(CompileDependsOn)="
             
             ResolveReferences;
             ResolveKeySource;
             SetWin32ManifestProperties;
             _SetPreferNativeArm64Win32ManifestProperties;
             FindReferenceAssembliesForReferences;
             _GenerateCompileInputs;
             BeforeCompile;
             _TimeStampBeforeCompile;
             _GenerateCompileDependencyCache;
             CoreCompile;
             _TimeStampAfterCompile;
             AfterCompile;
           ;
             _CreateAppHost;
             _CreateComHost;
             _GetIjwHostPaths;
           " (previous value: "
             ResolveReferences;
             ResolveKeySource;
             SetWin32ManifestProperties;
             _SetPreferNativeArm64Win32ManifestProperties;
             FindReferenceAssembliesForReferences;
             _GenerateCompileInputs;
             BeforeCompile;
             _TimeStampBeforeCompile;
             _GenerateCompileDependencyCache;
             CoreCompile;
             _TimeStampAfterCompile;
             AfterCompile;
           ") at C:\Program Files\dotnet\sdk\8.0.425\Sdks\Microsoft.NET.Sdk\targets\Microsoft.NET.Sdk.targets (679,5)
       Property reassignment: $(CreateSatelliteAssembliesDependsOn)="
             
             ;
             _GenerateSatelliteAssemblyInputs;
             ComputeIntermediateSatelliteAssemblies;
             GenerateSatelliteAssemblies
           ;
             CoreGenerateSatelliteAssemblies
           " (previous value: "
             ;
             _GenerateSatelliteAssemblyInputs;
             ComputeIntermediateSatelliteAssemblies;
             GenerateSatelliteAssemblies
           ") at C:\Program Files\dotnet\sdk\8.0.425\Sdks\Microsoft.NET.Sdk\targets\Microsoft.NET.Sdk.targets (1065,5)
       Property reassignment: $(SourceLinkUrlInitializerTargets)=";_InitializeGitHubSourceLinkUrl;_InitializeGitLabSourceLinkUrl" (previous value: ";_InitializeGitHubSourceLinkUrl") at C:\Program Files\dotnet\sdk\8.0.425\Sdks\Microsoft.SourceLink.GitLab\build\Microsoft.SourceLink.GitLab.targets (12,5)
       Property reassignment: $(SourceControlManagerUrlTranslationTargets)=";TranslateGitHubUrlsInSourceControlInformation;TranslateGitLabUrlsInSourceControlInformation" (previous value: ";TranslateGitHubUrlsInSourceControlInformation") at C:\Program Files\dotnet\sdk\8.0.425\Sdks\Microsoft.SourceLink.GitLab\build\Microsoft.SourceLink.GitLab.targets (13,5)
       Property reassignment: $(SourceLinkUrlInitializerTargets)=";_InitializeGitHubSourceLinkUrl;_InitializeGitLabSourceLinkUrl;_InitializeAzureReposGitSourceLinkUrl" (previous value: ";_InitializeGitHubSourceLinkUrl;_InitializeGitLabSourceLinkUrl") at C:\Program Files\dotnet\sdk\8.0.425\Sdks\Microsoft.SourceLink.AzureRepos.Git\build\Microsoft.SourceLink.AzureRepos.Git.targets (12,5)
       Property reassignment: $(SourceControlManagerUrlTranslationTargets)=";TranslateGitHubUrlsInSourceControlInformation;TranslateGitLabUrlsInSourceControlInformation;TranslateAzureReposGitUrlsInSourceControlInformation" (previous value: ";TranslateGitHubUrlsInSourceControlInformation;TranslateGitLabUrlsInSourceControlInformation") at C:\Program Files\dotnet\sdk\8.0.425\Sdks\Microsoft.SourceLink.AzureRepos.Git\build\Microsoft.SourceLink.AzureRepos.Git.targets (13,5)
       Property reassignment: $(SourceLinkUrlInitializerTargets)=";_InitializeGitHubSourceLinkUrl;_InitializeGitLabSourceLinkUrl;_InitializeAzureReposGitSourceLinkUrl;_InitializeBitbucketGitSourceLinkUrl" (previous value: ";_InitializeGitHubSourceLinkUrl;_InitializeGitLabSourceLinkUrl;_InitializeAzureReposGitSourceLinkUrl") at C:\Program Files\dotnet\sdk\8.0.425\Sdks\Microsoft.SourceLink.Bitbucket.Git\build\Microsoft.SourceLink.Bitbucket.Git.targets (12,5)
       Property reassignment: $(SourceControlManagerUrlTranslationTargets)=";TranslateGitHubUrlsInSourceControlInformation;TranslateGitLabUrlsInSourceControlInformation;TranslateAzureReposGitUrlsInSourceControlInformation;TranslateBitbucketGitUrlsInSourceControlInformation" (previous value: ";TranslateGitHubUrlsInSourceControlInformation;TranslateGitLabUrlsInSourceControlInformation;TranslateAzureReposGitUrlsInSourceControlInformation") at C:\Program Files\dotnet\sdk\8.0.425\Sdks\Microsoft.SourceLink.Bitbucket.Git\build\Microsoft.SourceLink.Bitbucket.Git.targets (13,5)
       Property reassignment: $(DesignerRuntimeImplementationProjectOutputGroupDependsOn)="
             
             ;
             
             ;
             BuildOnlySettings;
             PrepareForBuild;
             AssignTargetPaths;
             ResolveReferences
           
           ;
             _GenerateDesignerDepsFile;
             _GenerateDesignerRuntimeConfigFile;
             GetCopyToOutputDirectoryItems;
             _GatherDesignerShadowCopyFiles;
           " (previous value: "
             ;
             
             ;
             BuildOnlySettings;
             PrepareForBuild;
             AssignTargetPaths;
             ResolveReferences
           
           ") at C:\Program Files\dotnet\sdk\8.0.425\Sdks\Microsoft.NET.Sdk\targets\Microsoft.NET.DesignerSupport.targets (21,5)
       Property reassignment: $(_GenerateToolsSettingsFileCacheFile)="D:\AI-REAP\src\AiReap.Domain\obj\Debug\net8.0\AiReap.Domain.toolssettingsinput.cache" (previous value: "obj\Debug\net8.0\AiReap.Domain.toolssettingsinput.cache") at C:\Program Files\dotnet\sdk\8.0.425\Sdks\Microsoft.NET.Sdk\targets\Microsoft.NET.PackTool.targets (68,5)
       Property reassignment: $(_ShimInputCacheFile)="D:\AI-REAP\src\AiReap.Domain\obj\Debug\net8.0\AiReap.Domain.shiminput.cache" (previous value: "obj\Debug\net8.0\AiReap.Domain.shiminput.cache") at C:\Program Files\dotnet\sdk\8.0.425\Sdks\Microsoft.NET.Sdk\targets\Microsoft.NET.PackTool.targets (137,5)
       Property reassignment: $(_ShimCreatedSentinelFile)="D:\AI-REAP\src\AiReap.Domain\obj\Debug\net8.0\AiReap.Domain.shimcreated.sentinel" (previous value: "obj\Debug\net8.0\AiReap.Domain.shimcreated.sentinel") at C:\Program Files\dotnet\sdk\8.0.425\Sdks\Microsoft.NET.Sdk\targets\Microsoft.NET.PackTool.targets (139,5)
       Property reassignment: $(DefineConstants)="TRACE;DEBUG" (previous value: "TRACE") at C:\Program Files\dotnet\sdk\8.0.425\Sdks\Microsoft.NET.Sdk\targets\Microsoft.NET.Sdk.CSharp.targets (31,5)
       Property reassignment: $(DefineConstants)="TRACE;DEBUG;NET;NET8_0;NETCOREAPP" (previous value: "TRACE;DEBUG") at C:\Program Files\dotnet\sdk\8.0.425\Sdks\Microsoft.NET.Sdk\targets\Microsoft.NET.Sdk.CSharp.targets (34,5)
       Property reassignment: $(WarningsAsErrors)=";NU1605;SYSLIB0011" (previous value: ";NU1605") at C:\Program Files\dotnet\sdk\8.0.425\Sdks\Microsoft.NET.Sdk\targets\Microsoft.NET.Sdk.CSharp.targets (48,5)
       Property reassignment: $(PackageDescription)="Package Description" (previous value: "") at C:\Program Files\dotnet\sdk\8.0.425\Sdks\NuGet.Build.Tasks.Pack\build\NuGet.Build.Tasks.Pack.targets (34,5)
       Property reassignment: $(GenerateNuspecDependsOn)="Build;_LoadPackInputItems; _GetTargetFrameworksOutput; _WalkEachTargetPerFramework; _GetPackageFiles; " (previous value: "_LoadPackInputItems; _GetTargetFrameworksOutput; _WalkEachTargetPerFramework; _GetPackageFiles; ") at C:\Program Files\dotnet\sdk\8.0.425\Sdks\NuGet.Build.Tasks.Pack\build\NuGet.Build.Tasks.Pack.targets (59,5)
       Property reassignment: $(_IsNotSetContainersTargetsDir)="true" (previous value: "false") at C:\Program Files\dotnet\sdk\8.0.425\Sdks\Microsoft.NET.Sdk\Sdk\Sdk.targets (59,5)
       Property reassignment: $(_IsSDKContainerAllowedVersion)="true" (previous value: "false") at C:\Program Files\dotnet\sdk\8.0.425\Containers\build\Microsoft.NET.Build.Containers.targets (5,5)
       Property reassignment: $(_ContainerIsTargetingNet8TFM)="true" (previous value: "false") at C:\Program Files\dotnet\sdk\8.0.425\Containers\build\Microsoft.NET.Build.Containers.targets (15,5)
       Assembly loaded during Evaluation: System.IO.Pipes, Version=8.0.0.0, Culture=neutral, PublicKeyToken=b03f5f7f11d50a3a (location: C:\Program Files\dotnet\shared\Microsoft.NETCore.App\8.0.31\System.IO.Pipes.dll, MVID: 269198c1-57d3-4d31-a029-c5f2f582d34c, AssemblyLoadContext: Default)
       Assembly loaded during Evaluation: System.Security.AccessControl, Version=8.0.0.0, Culture=neutral, PublicKeyToken=b03f5f7f11d50a3a (location: C:\Program Files\dotnet\shared\Microsoft.NETCore.App\8.0.31\System.Security.AccessControl.dll, MVID: 3d57889b-69d8-4b7f-bc72-ddcfbda551ac, AssemblyLoadContext: Default)
       Reusing node 2 (PID: 1444).
       Overriding target "ResolveFrameworkReferences" in project "C:\Program Files\dotnet\sdk\8.0.425\Microsoft.Common.CurrentVersion.targets" with target "ResolveFrameworkReferences" from project "C:\Program Files\dotnet\sdk\8.0.425\Sdks\Microsoft.NET.Sdk\targets\Microsoft.NET.Sdk.FrameworkReferenceResolution.targets".
       Overriding target "Run" in project "C:\Program Files\dotnet\sdk\8.0.425\Microsoft.Common.CurrentVersion.targets" with target "Run" from project "C:\Program Files\dotnet\sdk\8.0.425\Sdks\Microsoft.NET.Sdk\targets\Microsoft.NET.Sdk.targets".
       Overriding target "GenerateSupportedTargetFrameworkAlias" in project "C:\Program Files\dotnet\sdk\8.0.425\Microsoft.Common.CurrentVersion.targets" with target "GenerateSupportedTargetFrameworkAlias" from project "C:\Program Files\dotnet\sdk\8.0.425\Sdks\Microsoft.NET.Sdk\targets\Microsoft.NET.Sdk.targets".
       Overriding target "GetReferenceAssemblyPaths" in project "C:\Program Files\dotnet\sdk\8.0.425\Microsoft.Common.CurrentVersion.targets" with target "GetReferenceAssemblyPaths" from project "C:\Program Files\dotnet\sdk\8.0.425\Sdks\Microsoft.NET.Sdk\targets\Microsoft.NET.DisableStandardFrameworkResolution.targets".
       Overriding target "GetFrameworkPaths" in project "C:\Program Files\dotnet\sdk\8.0.425\Microsoft.Common.CurrentVersion.targets" with target "GetFrameworkPaths" from project "C:\Program Files\dotnet\sdk\8.0.425\Sdks\Microsoft.NET.Sdk\targets\Microsoft.NET.DisableStandardFrameworkResolution.targets".
       Overriding target "DesignerRuntimeImplementationProjectOutputGroup" in project "C:\Program Files\dotnet\sdk\8.0.425\Microsoft.Common.CurrentVersion.targets" with target "DesignerRuntimeImplementationProjectOutputGroup" from project "C:\Program Files\dotnet\sdk\8.0.425\Sdks\Microsoft.NET.Sdk\targets\Microsoft.NET.DesignerSupport.targets".
       Overriding target "Publish" in project "C:\Program Files\dotnet\sdk\8.0.425\Microsoft.Common.CurrentVersion.targets" with target "Publish" from project "C:\Program Files\dotnet\sdk\8.0.425\Sdks\Microsoft.NET.Sdk\targets\Microsoft.NET.Publish.targets".
       Overriding target "ResolveReadyToRunCompilers" in project "C:\Program Files\dotnet\sdk\8.0.425\Sdks\Microsoft.NET.Sdk\targets\Microsoft.NET.CrossGen.targets" with target "ResolveReadyToRunCompilers" from project "C:\Program Files\dotnet\sdk\8.0.425\Sdks\Microsoft.NET.Sdk\targets\Microsoft.NET.Publish.targets".
       Overriding target "GetCopyToPublishDirectoryItems" in project "C:\Program Files\dotnet\sdk\8.0.425\Microsoft.Common.CurrentVersion.targets" with target "GetCopyToPublishDirectoryItems" from project "C:\Program Files\dotnet\sdk\8.0.425\Sdks\Microsoft.NET.Sdk\targets\Microsoft.NET.Publish.targets".
   1:3>Project "D:\AI-REAP\src\AiReap.Infrastructure\AiReap.Infrastructure.csproj" (1:3) is building "D:\AI-REAP\src\AiReap.Domain\AiReap.Domain.csproj" (2) on node 1 (_GenerateRestoreProjectPathWalk target(s)).
     2>Target "_GenerateRestoreProjectPathItemsAllFrameworks" skipped, due to false condition; ( '$(TargetFrameworks)' != '' ) was evaluated as ( '' != '' ).
     2>Target "_GenerateRestoreProjectPathItemsPerFramework" in file "C:\Program Files\dotnet\sdk\8.0.425\NuGet.targets" from project "D:\AI-REAP\src\AiReap.Domain\AiReap.Domain.csproj" (target "_GenerateRestoreProjectPathItemsCurrentProject" depends on it):
       Task "ConvertToAbsolutePath"
       Done executing task "ConvertToAbsolutePath".
     2>Done building target "_GenerateRestoreProjectPathItemsPerFramework" in project "AiReap.Domain.csproj".
     2>Target "_GenerateRestoreProjectPathItemsCurrentProject" in file "C:\Program Files\dotnet\sdk\8.0.425\NuGet.targets" from project "D:\AI-REAP\src\AiReap.Domain\AiReap.Domain.csproj" (target "_GenerateRestoreProjectPathItems" depends on it):
     2>Done building target "_GenerateRestoreProjectPathItemsCurrentProject" in project "AiReap.Domain.csproj".
     2>Target "_GenerateRestoreProjectPathItems" in file "C:\Program Files\dotnet\sdk\8.0.425\NuGet.targets" from project "D:\AI-REAP\src\AiReap.Domain\AiReap.Domain.csproj" (target "_GenerateRestoreProjectPathWalk" depends on it):
       Task "RemoveDuplicates"
       Done executing task "RemoveDuplicates".
     2>Done building target "_GenerateRestoreProjectPathItems" in project "AiReap.Domain.csproj".
     2>Target "_GenerateRestoreProjectPathWalk" in file "C:\Program Files\dotnet\sdk\8.0.425\NuGet.targets" from project "D:\AI-REAP\src\AiReap.Domain\AiReap.Domain.csproj" (entry point):
       Task "MSBuild"
       Done executing task "MSBuild".
       Task "MSBuild" skipped, due to false condition; ( '$(RestoreUseSkipNonexistentTargets)' != 'true' ) was evaluated as ( 'true' != 'true' ).
       Task "RemoveDuplicates"
       Done executing task "RemoveDuplicates".
     2>Done building target "_GenerateRestoreProjectPathWalk" in project "AiReap.Domain.csproj".
     2>Done Building Project "D:\AI-REAP\src\AiReap.Domain\AiReap.Domain.csproj" (_GenerateRestoreProjectPathWalk target(s)).
     0>Property 'MSBuildExtensionsPath' with value 'C:\Program Files\dotnet\sdk\8.0.425\' expanded from the environment.
       Property reassignment: $(MSBuildProjectExtensionsPath)="D:\AI-REAP\src\AiReap.Application\obj\" (previous value: "obj\") at C:\Program Files\dotnet\sdk\8.0.425\Current\Microsoft.Common.props (60,5)
       Property 'MSBuildUserExtensionsPath' with value 'C:\Users\maryam.rehman\AppData\Local\Microsoft\MSBuild' expanded from the environment.
       Property reassignment: $(AssemblySearchPaths)="{CandidateAssemblyFiles};{HintPathFromItem}" (previous value: "{CandidateAssemblyFiles}") at C:\Program Files\dotnet\sdk\8.0.425\Sdks\Microsoft.NET.Sdk\targets\Microsoft.NET.Sdk.props (91,5)
       Property reassignment: $(AssemblySearchPaths)="{CandidateAssemblyFiles};{HintPathFromItem};{TargetFrameworkDirectory}" (previous value: "{CandidateAssemblyFiles};{HintPathFromItem}") at C:\Program Files\dotnet\sdk\8.0.425\Sdks\Microsoft.NET.Sdk\targets\Microsoft.NET.Sdk.props (92,5)
       Property reassignment: $(AssemblySearchPaths)="{CandidateAssemblyFiles};{HintPathFromItem};{TargetFrameworkDirectory};{RawFileName}" (previous value: "{CandidateAssemblyFiles};{HintPathFromItem};{TargetFrameworkDirectory}") at C:\Program Files\dotnet\sdk\8.0.425\Sdks\Microsoft.NET.Sdk\targets\Microsoft.NET.Sdk.props (93,5)
       Property reassignment: $(TargetsForTfmSpecificContentInPackage)=";PackTool;_PackProjectToolValidation" (previous value: ";PackTool") at C:\Program Files\dotnet\sdk\8.0.425\Sdks\Microsoft.NET.Sdk\targets\Microsoft.NET.PackProjectTool.props (15,5)
       Property reassignment: $(PublishProfileImported)="false" (previous value: "true") at C:\Program Files\dotnet\sdk\8.0.425\Sdks\Microsoft.NET.Sdk\targets\Microsoft.NET.Sdk.ImportPublishProfile.targets (28,5)
       Property reassignment: $(TargetPlatformVersion)="" (previous value: "0.0") at C:\Program Files\dotnet\sdk\8.0.425\Sdks\Microsoft.NET.Sdk\targets\Microsoft.NET.TargetFrameworkInference.targets (69,5)
       Property reassignment: $(DefaultItemExcludes)=";bin\Debug\/**;obj\Debug\/**" (previous value: ";bin\Debug\/**") at C:\Program Files\dotnet\sdk\8.0.425\Sdks\Microsoft.NET.Sdk\targets\Microsoft.NET.DefaultOutputPaths.targets (122,5)
       Property reassignment: $(OutputPath)="bin\Debug\net8.0\" (previous value: "bin\Debug\") at C:\Program Files\dotnet\sdk\8.0.425\Sdks\Microsoft.NET.Sdk\targets\Microsoft.NET.DefaultOutputPaths.targets (137,5)
       Property reassignment: $(IntermediateOutputPath)="obj\Debug\net8.0\" (previous value: "obj\Debug\") at C:\Program Files\dotnet\sdk\8.0.425\Sdks\Microsoft.NET.Sdk\targets\Microsoft.NET.DefaultOutputPaths.targets (142,5)
       Property reassignment: $(_FrameworkIdentifierForImplicitDefine)="NET" (previous value: "NETCOREAPP") at C:\Program Files\dotnet\sdk\8.0.425\Sdks\Microsoft.NET.Sdk\targets\Microsoft.NET.Sdk.BeforeCommon.targets (187,5)
       Property reassignment: $(_FrameworkVersionForImplicitDefine)="8_0" (previous value: "8.0") at C:\Program Files\dotnet\sdk\8.0.425\Sdks\Microsoft.NET.Sdk\targets\Microsoft.NET.Sdk.BeforeCommon.targets (192,5)
       Property reassignment: $(CommandLineArgsForDesignTimeEvaluation)="-langversion:12.0 -define:TRACE" (previous value: "-langversion:12.0") at C:\Program Files\dotnet\sdk\8.0.425\Roslyn\Microsoft.CSharp.Core.targets (200,5)
       Property reassignment: $(_DebugSymbolsProduced)="true" (previous value: "false") at C:\Program Files\dotnet\sdk\8.0.425\Microsoft.Common.CurrentVersion.targets (175,5)
       Property reassignment: $(_DocumentationFileProduced)="false" (previous value: "true") at C:\Program Files\dotnet\sdk\8.0.425\Microsoft.Common.CurrentVersion.targets (185,5)
       Property reassignment: $(MSBuildCopyMarkerName)="AiReap.A.0FF9AC32" (previous value: "AiReap.Application.csproj") at C:\Program Files\dotnet\sdk\8.0.425\Microsoft.Common.CurrentVersion.targets (392,5)
       Property reassignment: $(MSBuildCopyMarkerName)="AiReap.A.0FF9AC32.Up2Date" (previous value: "AiReap.A.0FF9AC32") at C:\Program Files\dotnet\sdk\8.0.425\Microsoft.Common.CurrentVersion.targets (393,5)
       Property reassignment: $(ProcessorArchitecture)="msil" (previous value: "") at C:\Program Files\dotnet\sdk\8.0.425\Microsoft.Common.CurrentVersion.targets (541,5)
       Property reassignment: $(DelaySign)="" (previous value: "false") at C:\Program Files\dotnet\sdk\8.0.425\Microsoft.Common.CurrentVersion.targets (580,5)
       Property 'LOCALAPPDATA' with value 'C:\Users\maryam.rehman\AppData\Local' expanded from the environment.
       Property reassignment: $(_SGenGenerateSerializationAssembliesConfig)="Auto" (previous value: "") at C:\Program Files\dotnet\sdk\8.0.425\Microsoft.Common.CurrentVersion.targets (3896,5)
       Property reassignment: $(_SGenGenerateSerializationAssembliesConfig)="Off" (previous value: "Auto") at C:\Program Files\dotnet\sdk\8.0.425\Microsoft.Common.CurrentVersion.targets (3897,5)
       Property reassignment: $(_TargetsThatPrepareProjectReferences)="
             AssignProjectConfiguration;
             _SplitProjectReferencesByFileExistence
           " (previous value: "_SplitProjectReferencesByFileExistence") at C:\Program Files\dotnet\sdk\8.0.425\Microsoft.Common.CurrentVersion.targets (5099,5)
       Property 'MSBuildExtensionsPath32' with value 'C:\Program Files\dotnet\sdk\8.0.425' expanded from the environment.
       Property reassignment: $(ProjectAssetsFile)="D:\AI-REAP\src\AiReap.Application\obj\project.assets.json" (previous value: "D:\AI-REAP\src\AiReap.Application\obj\/project.assets.json") at C:\Program Files\dotnet\sdk\8.0.425\Sdks\Microsoft.NET.Sdk\targets\Microsoft.PackageDependencyResolution.targets (24,5)
       Property reassignment: $(ProjectAssetsCacheFile)="D:\AI-REAP\src\AiReap.Application\obj\Debug\net8.0\AiReap.Application.assets.cache" (previous value: "obj\Debug\net8.0\AiReap.Application.assets.cache") at C:\Program Files\dotnet\sdk\8.0.425\Sdks\Microsoft.NET.Sdk\targets\Microsoft.PackageDependencyResolution.targets (29,5)
       Property reassignment: $(ResolveAssemblyReferencesDependsOn)="
             
             ResolveProjectReferences;
             FindInvalidProjectReferences;
             GetFrameworkPaths;
             GetReferenceAssemblyPaths;
             PrepareForBuild;
             ResolveSDKReferences;
             ExpandSDKReferences;
           ;
             ResolvePackageDependenciesForBuild;
             _HandlePackageFileConflicts;
           " (previous value: "
             ResolveProjectReferences;
             FindInvalidProjectReferences;
             GetFrameworkPaths;
             GetReferenceAssemblyPaths;
             PrepareForBuild;
             ResolveSDKReferences;
             ExpandSDKReferences;
           ") at C:\Program Files\dotnet\sdk\8.0.425\Sdks\Microsoft.NET.Sdk\targets\Microsoft.PackageDependencyResolution.targets (80,5)
       Property reassignment: $(PrepareResourcesDependsOn)="
             ResolvePackageDependenciesForBuild;
             _HandlePackageFileConflicts;
             
             ;
             PrepareResourceNames;
             ResGen;
             CompileLicxFiles
           
           " (previous value: "
             ;
             PrepareResourceNames;
             ResGen;
             CompileLicxFiles
           ") at C:\Program Files\dotnet\sdk\8.0.425\Sdks\Microsoft.NET.Sdk\targets\Microsoft.PackageDependencyResolution.targets (86,5)
       Property reassignment: $(DefaultItemExcludes)=";bin\Debug\/**;obj\Debug\/**;bin\/**" (previous value: ";bin\Debug\/**;obj\Debug\/**") at C:\Program Files\dotnet\sdk\8.0.425\Sdks\Microsoft.NET.Sdk\targets\Microsoft.NET.Sdk.DefaultItems.targets (27,5)
       Property reassignment: $(DefaultItemExcludes)=";bin\Debug\/**;obj\Debug\/**;bin\/**;obj\/**" (previous value: ";bin\Debug\/**;obj\Debug\/**;bin\/**") at C:\Program Files\dotnet\sdk\8.0.425\Sdks\Microsoft.NET.Sdk\targets\Microsoft.NET.Sdk.DefaultItems.targets (29,5)
       Property reassignment: $(DefaultItemExcludes)=";bin\Debug\/**;obj\Debug\/**;bin\/**;obj\/**;**/*.user" (previous value: ";bin\Debug\/**;obj\Debug\/**;bin\/**;obj\/**") at C:\Program Files\dotnet\sdk\8.0.425\Sdks\Microsoft.NET.Sdk\targets\Microsoft.NET.Sdk.DefaultItems.targets (32,5)
       Property reassignment: $(DefaultItemExcludes)=";bin\Debug\/**;obj\Debug\/**;bin\/**;obj\/**;**/*.user;**/*.*proj" (previous value: ";bin\Debug\/**;obj\Debug\/**;bin\/**;obj\/**;**/*.user") at C:\Program Files\dotnet\sdk\8.0.425\Sdks\Microsoft.NET.Sdk\targets\Microsoft.NET.Sdk.DefaultItems.targets (33,5)
       Property reassignment: $(DefaultItemExcludes)=";bin\Debug\/**;obj\Debug\/**;bin\/**;obj\/**;**/*.user;**/*.*proj;**/*.sln" (previous value: ";bin\Debug\/**;obj\Debug\/**;bin\/**;obj\/**;**/*.user;**/*.*proj") at C:\Program Files\dotnet\sdk\8.0.425\Sdks\Microsoft.NET.Sdk\targets\Microsoft.NET.Sdk.DefaultItems.targets (34,5)
       Property reassignment: $(DefaultItemExcludes)=";bin\Debug\/**;obj\Debug\/**;bin\/**;obj\/**;**/*.user;**/*.*proj;**/*.sln;**/*.vssscc" (previous value: ";bin\Debug\/**;obj\Debug\/**;bin\/**;obj\/**;**/*.user;**/*.*proj;**/*.sln") at C:\Program Files\dotnet\sdk\8.0.425\Sdks\Microsoft.NET.Sdk\targets\Microsoft.NET.Sdk.DefaultItems.targets (35,5)
       Property reassignment: $(DefaultItemExcludes)=";bin\Debug\/**;obj\Debug\/**;bin\/**;obj\/**;**/*.user;**/*.*proj;**/*.sln;**/*.vssscc;**/.DS_Store" (previous value: ";bin\Debug\/**;obj\Debug\/**;bin\/**;obj\/**;**/*.user;**/*.*proj;**/*.sln;**/*.vssscc") at C:\Program Files\dotnet\sdk\8.0.425\Sdks\Microsoft.NET.Sdk\targets\Microsoft.NET.Sdk.DefaultItems.targets (36,5)
       Property reassignment: $(ResolveAssemblyReferencesDependsOn)="
             
             
             ResolveProjectReferences;
             FindInvalidProjectReferences;
             GetFrameworkPaths;
             GetReferenceAssemblyPaths;
             PrepareForBuild;
             ResolveSDKReferences;
             ExpandSDKReferences;
           ;
             ResolvePackageDependenciesForBuild;
             _HandlePackageFileConflicts;
           ;
             ResolveTargetingPackAssets;
           " (previous value: "
             
             ResolveProjectReferences;
             FindInvalidProjectReferences;
             GetFrameworkPaths;
             GetReferenceAssemblyPaths;
             PrepareForBuild;
             ResolveSDKReferences;
             ExpandSDKReferences;
           ;
             ResolvePackageDependenciesForBuild;
             _HandlePackageFileConflicts;
           ") at C:\Program Files\dotnet\sdk\8.0.425\Sdks\Microsoft.NET.Sdk\targets\Microsoft.NET.Sdk.FrameworkReferenceResolution.targets (14,5)
       Property reassignment: $(_GenerateRuntimeConfigurationPropertyInputsCache)="D:\AI-REAP\src\AiReap.Application\obj\Debug\net8.0\AiReap.Application.genruntimeconfig.cache" (previous value: "obj\Debug\net8.0\AiReap.Application.genruntimeconfig.cache") at C:\Program Files\dotnet\sdk\8.0.425\Sdks\Microsoft.NET.Sdk\targets\Microsoft.NET.Sdk.targets (44,5)
       Property reassignment: $(_GeneratePublishDependencyFilePropertyInputsCache)="D:\AI-REAP\src\AiReap.Application\obj\Debug\net8.0\AiReap.Application.genpublishdeps.cache" (previous value: "obj\Debug\net8.0\AiReap.Application.genpublishdeps.cache") at C:\Program Files\dotnet\sdk\8.0.425\Sdks\Microsoft.NET.Sdk\targets\Microsoft.NET.Sdk.targets (46,5)
       Property reassignment: $(_GenerateSingleFileBundlePropertyInputsCache)="D:\AI-REAP\src\AiReap.Application\obj\Debug\net8.0\AiReap.Application.genbundle.cache" (previous value: "obj\Debug\net8.0\AiReap.Application.genbundle.cache") at C:\Program Files\dotnet\sdk\8.0.425\Sdks\Microsoft.NET.Sdk\targets\Microsoft.NET.Sdk.targets (48,5)
       Property reassignment: $(GenerateRuntimeConfigDevFile)="false" (previous value: "true") at C:\Program Files\dotnet\sdk\8.0.425\Sdks\Microsoft.NET.Sdk\targets\Microsoft.NET.Sdk.targets (81,5)
       Property 'HOME' with value 'C:\Users\maryam.rehman' expanded from the environment.
       Property 'USERPROFILE' with value 'C:\Users\maryam.rehman' expanded from the environment.
       Property reassignment: $(_DefaultUserProfileRuntimeStorePath)="C:\Users\maryam.rehman\.dotnet\store" (previous value: "C:\Users\maryam.rehman") at C:\Program Files\dotnet\sdk\8.0.425\Sdks\Microsoft.NET.Sdk\targets\Microsoft.NET.Sdk.targets (98,5)
       Property reassignment: $(AvailablePlatforms)="Any CPU,x86,x64,ARM32" (previous value: "Any CPU,x86,x64") at C:\Program Files\dotnet\sdk\8.0.425\Sdks\Microsoft.NET.Sdk\targets\Microsoft.NET.Sdk.targets (136,5)
       Property reassignment: $(AvailablePlatforms)="Any CPU,x86,x64,ARM32,ARM64" (previous value: "Any CPU,x86,x64,ARM32") at C:\Program Files\dotnet\sdk\8.0.425\Sdks\Microsoft.NET.Sdk\targets\Microsoft.NET.Sdk.targets (140,5)
       Property reassignment: $(CoreBuildDependsOn)="
             _CheckForBuildWithNoBuild;
             
             BuildOnlySettings;
             PrepareForBuild;
             PreBuildEvent;
             ResolveReferences;
             PrepareResources;
             ResolveKeySource;
             Compile;
             ExportWindowsMDFile;
             UnmanagedUnregistration;
             GenerateSerializationAssemblies;
             CreateSatelliteAssemblies;
             GenerateManifests;
             GetTargetPath;
             PrepareForRun;
             UnmanagedRegistration;
             IncrementalClean;
             PostBuildEvent
           ;
             GenerateBuildDependencyFile;
             GenerateBuildRuntimeConfigurationFiles
           " (previous value: "
             BuildOnlySettings;
             PrepareForBuild;
             PreBuildEvent;
             ResolveReferences;
             PrepareResources;
             ResolveKeySource;
             Compile;
             ExportWindowsMDFile;
             UnmanagedUnregistration;
             GenerateSerializationAssemblies;
             CreateSatelliteAssemblies;
             GenerateManifests;
             GetTargetPath;
             PrepareForRun;
             UnmanagedRegistration;
             IncrementalClean;
             PostBuildEvent
           ") at C:\Program Files\dotnet\sdk\8.0.425\Sdks\Microsoft.NET.Sdk\targets\Microsoft.NET.Sdk.targets (197,5)
       Property reassignment: $(CoreCleanDependsOn)="
             _SdkBeforeClean;
             
           " (previous value: "") at C:\Program Files\dotnet\sdk\8.0.425\Sdks\Microsoft.NET.Sdk\targets\Microsoft.NET.Sdk.targets (206,5)
       Property reassignment: $(RebuildDependsOn)="
             _SdkBeforeRebuild;
             
             BeforeRebuild;
             Clean;
             Build;
             AfterRebuild;
           
           " (previous value: "
             BeforeRebuild;
             Clean;
             Build;
             AfterRebuild;
           ") at C:\Program Files\dotnet\sdk\8.0.425\Sdks\Microsoft.NET.Sdk\targets\Microsoft.NET.Sdk.targets (213,5)
       Property reassignment: $(CompileDependsOn)="
             
             ResolveReferences;
             ResolveKeySource;
             SetWin32ManifestProperties;
             _SetPreferNativeArm64Win32ManifestProperties;
             FindReferenceAssembliesForReferences;
             _GenerateCompileInputs;
             BeforeCompile;
             _TimeStampBeforeCompile;
             _GenerateCompileDependencyCache;
             CoreCompile;
             _TimeStampAfterCompile;
             AfterCompile;
           ;
             _CreateAppHost;
             _CreateComHost;
             _GetIjwHostPaths;
           " (previous value: "
             ResolveReferences;
             ResolveKeySource;
             SetWin32ManifestProperties;
             _SetPreferNativeArm64Win32ManifestProperties;
             FindReferenceAssembliesForReferences;
             _GenerateCompileInputs;
             BeforeCompile;
             _TimeStampBeforeCompile;
             _GenerateCompileDependencyCache;
             CoreCompile;
             _TimeStampAfterCompile;
             AfterCompile;
           ") at C:\Program Files\dotnet\sdk\8.0.425\Sdks\Microsoft.NET.Sdk\targets\Microsoft.NET.Sdk.targets (679,5)
       Property reassignment: $(CreateSatelliteAssembliesDependsOn)="
             
             ;
             _GenerateSatelliteAssemblyInputs;
             ComputeIntermediateSatelliteAssemblies;
             GenerateSatelliteAssemblies
           ;
             CoreGenerateSatelliteAssemblies
           " (previous value: "
             ;
             _GenerateSatelliteAssemblyInputs;
             ComputeIntermediateSatelliteAssemblies;
             GenerateSatelliteAssemblies
           ") at C:\Program Files\dotnet\sdk\8.0.425\Sdks\Microsoft.NET.Sdk\targets\Microsoft.NET.Sdk.targets (1065,5)
       Property reassignment: $(SourceLinkUrlInitializerTargets)=";_InitializeGitHubSourceLinkUrl;_InitializeGitLabSourceLinkUrl" (previous value: ";_InitializeGitHubSourceLinkUrl") at C:\Program Files\dotnet\sdk\8.0.425\Sdks\Microsoft.SourceLink.GitLab\build\Microsoft.SourceLink.GitLab.targets (12,5)
       Property reassignment: $(SourceControlManagerUrlTranslationTargets)=";TranslateGitHubUrlsInSourceControlInformation;TranslateGitLabUrlsInSourceControlInformation" (previous value: ";TranslateGitHubUrlsInSourceControlInformation") at C:\Program Files\dotnet\sdk\8.0.425\Sdks\Microsoft.SourceLink.GitLab\build\Microsoft.SourceLink.GitLab.targets (13,5)
       Property reassignment: $(SourceLinkUrlInitializerTargets)=";_InitializeGitHubSourceLinkUrl;_InitializeGitLabSourceLinkUrl;_InitializeAzureReposGitSourceLinkUrl" (previous value: ";_InitializeGitHubSourceLinkUrl;_InitializeGitLabSourceLinkUrl") at C:\Program Files\dotnet\sdk\8.0.425\Sdks\Microsoft.SourceLink.AzureRepos.Git\build\Microsoft.SourceLink.AzureRepos.Git.targets (12,5)
       Property reassignment: $(SourceControlManagerUrlTranslationTargets)=";TranslateGitHubUrlsInSourceControlInformation;TranslateGitLabUrlsInSourceControlInformation;TranslateAzureReposGitUrlsInSourceControlInformation" (previous value: ";TranslateGitHubUrlsInSourceControlInformation;TranslateGitLabUrlsInSourceControlInformation") at C:\Program Files\dotnet\sdk\8.0.425\Sdks\Microsoft.SourceLink.AzureRepos.Git\build\Microsoft.SourceLink.AzureRepos.Git.targets (13,5)
       Property reassignment: $(SourceLinkUrlInitializerTargets)=";_InitializeGitHubSourceLinkUrl;_InitializeGitLabSourceLinkUrl;_InitializeAzureReposGitSourceLinkUrl;_InitializeBitbucketGitSourceLinkUrl" (previous value: ";_InitializeGitHubSourceLinkUrl;_InitializeGitLabSourceLinkUrl;_InitializeAzureReposGitSourceLinkUrl") at C:\Program Files\dotnet\sdk\8.0.425\Sdks\Microsoft.SourceLink.Bitbucket.Git\build\Microsoft.SourceLink.Bitbucket.Git.targets (12,5)
       Property reassignment: $(SourceControlManagerUrlTranslationTargets)=";TranslateGitHubUrlsInSourceControlInformation;TranslateGitLabUrlsInSourceControlInformation;TranslateAzureReposGitUrlsInSourceControlInformation;TranslateBitbucketGitUrlsInSourceControlInformation" (previous value: ";TranslateGitHubUrlsInSourceControlInformation;TranslateGitLabUrlsInSourceControlInformation;TranslateAzureReposGitUrlsInSourceControlInformation") at C:\Program Files\dotnet\sdk\8.0.425\Sdks\Microsoft.SourceLink.Bitbucket.Git\build\Microsoft.SourceLink.Bitbucket.Git.targets (13,5)
       Property reassignment: $(DesignerRuntimeImplementationProjectOutputGroupDependsOn)="
             
             ;
             
             ;
             BuildOnlySettings;
             PrepareForBuild;
             AssignTargetPaths;
             ResolveReferences
           
           ;
             _GenerateDesignerDepsFile;
             _GenerateDesignerRuntimeConfigFile;
             GetCopyToOutputDirectoryItems;
             _GatherDesignerShadowCopyFiles;
           " (previous value: "
             ;
             
             ;
             BuildOnlySettings;
             PrepareForBuild;
             AssignTargetPaths;
             ResolveReferences
           
           ") at C:\Program Files\dotnet\sdk\8.0.425\Sdks\Microsoft.NET.Sdk\targets\Microsoft.NET.DesignerSupport.targets (21,5)
       Property reassignment: $(_GenerateToolsSettingsFileCacheFile)="D:\AI-REAP\src\AiReap.Application\obj\Debug\net8.0\AiReap.Application.toolssettingsinput.cache" (previous value: "obj\Debug\net8.0\AiReap.Application.toolssettingsinput.cache") at C:\Program Files\dotnet\sdk\8.0.425\Sdks\Microsoft.NET.Sdk\targets\Microsoft.NET.PackTool.targets (68,5)
       Property reassignment: $(_ShimInputCacheFile)="D:\AI-REAP\src\AiReap.Application\obj\Debug\net8.0\AiReap.Application.shiminput.cache" (previous value: "obj\Debug\net8.0\AiReap.Application.shiminput.cache") at C:\Program Files\dotnet\sdk\8.0.425\Sdks\Microsoft.NET.Sdk\targets\Microsoft.NET.PackTool.targets (137,5)
       Property reassignment: $(_ShimCreatedSentinelFile)="D:\AI-REAP\src\AiReap.Application\obj\Debug\net8.0\AiReap.Application.shimcreated.sentinel" (previous value: "obj\Debug\net8.0\AiReap.Application.shimcreated.sentinel") at C:\Program Files\dotnet\sdk\8.0.425\Sdks\Microsoft.NET.Sdk\targets\Microsoft.NET.PackTool.targets (139,5)
       Property reassignment: $(DefineConstants)="TRACE;DEBUG" (previous value: "TRACE") at C:\Program Files\dotnet\sdk\8.0.425\Sdks\Microsoft.NET.Sdk\targets\Microsoft.NET.Sdk.CSharp.targets (31,5)
       Property reassignment: $(DefineConstants)="TRACE;DEBUG;NET;NET8_0;NETCOREAPP" (previous value: "TRACE;DEBUG") at C:\Program Files\dotnet\sdk\8.0.425\Sdks\Microsoft.NET.Sdk\targets\Microsoft.NET.Sdk.CSharp.targets (34,5)
       Property reassignment: $(WarningsAsErrors)=";NU1605;SYSLIB0011" (previous value: ";NU1605") at C:\Program Files\dotnet\sdk\8.0.425\Sdks\Microsoft.NET.Sdk\targets\Microsoft.NET.Sdk.CSharp.targets (48,5)
       Property reassignment: $(PackageDescription)="Package Description" (previous value: "") at C:\Program Files\dotnet\sdk\8.0.425\Sdks\NuGet.Build.Tasks.Pack\build\NuGet.Build.Tasks.Pack.targets (34,5)
       Property reassignment: $(GenerateNuspecDependsOn)="Build;_LoadPackInputItems; _GetTargetFrameworksOutput; _WalkEachTargetPerFramework; _GetPackageFiles; " (previous value: "_LoadPackInputItems; _GetTargetFrameworksOutput; _WalkEachTargetPerFramework; _GetPackageFiles; ") at C:\Program Files\dotnet\sdk\8.0.425\Sdks\NuGet.Build.Tasks.Pack\build\NuGet.Build.Tasks.Pack.targets (59,5)
       Property reassignment: $(_IsNotSetContainersTargetsDir)="true" (previous value: "false") at C:\Program Files\dotnet\sdk\8.0.425\Sdks\Microsoft.NET.Sdk\Sdk\Sdk.targets (59,5)
       Property reassignment: $(_IsSDKContainerAllowedVersion)="true" (previous value: "false") at C:\Program Files\dotnet\sdk\8.0.425\Containers\build\Microsoft.NET.Build.Containers.targets (5,5)
       Property reassignment: $(_ContainerIsTargetingNet8TFM)="true" (previous value: "false") at C:\Program Files\dotnet\sdk\8.0.425\Containers\build\Microsoft.NET.Build.Containers.targets (15,5)
       Overriding target "ResolveFrameworkReferences" in project "C:\Program Files\dotnet\sdk\8.0.425\Microsoft.Common.CurrentVersion.targets" with target "ResolveFrameworkReferences" from project "C:\Program Files\dotnet\sdk\8.0.425\Sdks\Microsoft.NET.Sdk\targets\Microsoft.NET.Sdk.FrameworkReferenceResolution.targets".
       Overriding target "Run" in project "C:\Program Files\dotnet\sdk\8.0.425\Microsoft.Common.CurrentVersion.targets" with target "Run" from project "C:\Program Files\dotnet\sdk\8.0.425\Sdks\Microsoft.NET.Sdk\targets\Microsoft.NET.Sdk.targets".
       Overriding target "GenerateSupportedTargetFrameworkAlias" in project "C:\Program Files\dotnet\sdk\8.0.425\Microsoft.Common.CurrentVersion.targets" with target "GenerateSupportedTargetFrameworkAlias" from project "C:\Program Files\dotnet\sdk\8.0.425\Sdks\Microsoft.NET.Sdk\targets\Microsoft.NET.Sdk.targets".
       Overriding target "GetReferenceAssemblyPaths" in project "C:\Program Files\dotnet\sdk\8.0.425\Microsoft.Common.CurrentVersion.targets" with target "GetReferenceAssemblyPaths" from project "C:\Program Files\dotnet\sdk\8.0.425\Sdks\Microsoft.NET.Sdk\targets\Microsoft.NET.DisableStandardFrameworkResolution.targets".
       Overriding target "GetFrameworkPaths" in project "C:\Program Files\dotnet\sdk\8.0.425\Microsoft.Common.CurrentVersion.targets" with target "GetFrameworkPaths" from project "C:\Program Files\dotnet\sdk\8.0.425\Sdks\Microsoft.NET.Sdk\targets\Microsoft.NET.DisableStandardFrameworkResolution.targets".
       Overriding target "DesignerRuntimeImplementationProjectOutputGroup" in project "C:\Program Files\dotnet\sdk\8.0.425\Microsoft.Common.CurrentVersion.targets" with target "DesignerRuntimeImplementationProjectOutputGroup" from project "C:\Program Files\dotnet\sdk\8.0.425\Sdks\Microsoft.NET.Sdk\targets\Microsoft.NET.DesignerSupport.targets".
       Overriding target "Publish" in project "C:\Program Files\dotnet\sdk\8.0.425\Microsoft.Common.CurrentVersion.targets" with target "Publish" from project "C:\Program Files\dotnet\sdk\8.0.425\Sdks\Microsoft.NET.Sdk\targets\Microsoft.NET.Publish.targets".
       Overriding target "ResolveReadyToRunCompilers" in project "C:\Program Files\dotnet\sdk\8.0.425\Sdks\Microsoft.NET.Sdk\targets\Microsoft.NET.CrossGen.targets" with target "ResolveReadyToRunCompilers" from project "C:\Program Files\dotnet\sdk\8.0.425\Sdks\Microsoft.NET.Sdk\targets\Microsoft.NET.Publish.targets".
       Overriding target "GetCopyToPublishDirectoryItems" in project "C:\Program Files\dotnet\sdk\8.0.425\Microsoft.Common.CurrentVersion.targets" with target "GetCopyToPublishDirectoryItems" from project "C:\Program Files\dotnet\sdk\8.0.425\Sdks\Microsoft.NET.Sdk\targets\Microsoft.NET.Publish.targets".
   1:3>Project "D:\AI-REAP\src\AiReap.Infrastructure\AiReap.Infrastructure.csproj" (1:3) is building "D:\AI-REAP\src\AiReap.Application\AiReap.Application.csproj" (3) on node 2 (_GenerateRestoreProjectPathWalk target(s)).
     3>Target "_GenerateRestoreProjectPathItemsAllFrameworks" skipped, due to false condition; ( '$(TargetFrameworks)' != '' ) was evaluated as ( '' != '' ).
     3>Target "_GenerateRestoreProjectPathItemsPerFramework" in file "C:\Program Files\dotnet\sdk\8.0.425\NuGet.targets" from project "D:\AI-REAP\src\AiReap.Application\AiReap.Application.csproj" (target "_GenerateRestoreProjectPathItemsCurrentProject" depends on it):
       Using "ConvertToAbsolutePath" task from assembly "Microsoft.Build.Tasks.Core, Version=15.1.0.0, Culture=neutral, PublicKeyToken=b03f5f7f11d50a3a".
       Task "ConvertToAbsolutePath"
       Done executing task "ConvertToAbsolutePath".
     3>Done building target "_GenerateRestoreProjectPathItemsPerFramework" in project "AiReap.Application.csproj".
     3>Target "_GenerateRestoreProjectPathItemsCurrentProject" in file "C:\Program Files\dotnet\sdk\8.0.425\NuGet.targets" from project "D:\AI-REAP\src\AiReap.Application\AiReap.Application.csproj" (target "_GenerateRestoreProjectPathItems" depends on it):
     3>Done building target "_GenerateRestoreProjectPathItemsCurrentProject" in project "AiReap.Application.csproj".
     3>Target "_GenerateRestoreProjectPathItems" in file "C:\Program Files\dotnet\sdk\8.0.425\NuGet.targets" from project "D:\AI-REAP\src\AiReap.Application\AiReap.Application.csproj" (target "_GenerateRestoreProjectPathWalk" depends on it):
       Using "RemoveDuplicates" task from assembly "Microsoft.Build.Tasks.Core, Version=15.1.0.0, Culture=neutral, PublicKeyToken=b03f5f7f11d50a3a".
       Task "RemoveDuplicates"
       Done executing task "RemoveDuplicates".
     3>Done building target "_GenerateRestoreProjectPathItems" in project "AiReap.Application.csproj".
     3>Target "_GenerateRestoreProjectPathWalk" in file "C:\Program Files\dotnet\sdk\8.0.425\NuGet.targets" from project "D:\AI-REAP\src\AiReap.Application\AiReap.Application.csproj" (entry point):
       Using "MSBuild" task from assembly "Microsoft.Build.Tasks.Core, Version=15.1.0.0, Culture=neutral, PublicKeyToken=b03f5f7f11d50a3a".
       Task "MSBuild"
         Global Properties:
           ExcludeRestorePackageImports=true
     3>Project "D:\AI-REAP\src\AiReap.Application\AiReap.Application.csproj" (3) is building "D:\AI-REAP\src\AiReap.Domain\AiReap.Domain.csproj" (2:2) on node 1 (_GenerateRestoreProjectPathWalk target(s)).
   2:2>Target "_GenerateRestoreProjectPathWalk" skipped. Previously built successfully.
   2:2>Done Building Project "D:\AI-REAP\src\AiReap.Domain\AiReap.Domain.csproj" (_GenerateRestoreProjectPathWalk target(s)).
     3>Done executing task "MSBuild".
       Task "MSBuild" skipped, due to false condition; ( '$(RestoreUseSkipNonexistentTargets)' != 'true' ) was evaluated as ( 'true' != 'true' ).
       Task "RemoveDuplicates"
       Done executing task "RemoveDuplicates".
     3>Done building target "_GenerateRestoreProjectPathWalk" in project "AiReap.Application.csproj".
     3>Done Building Project "D:\AI-REAP\src\AiReap.Application\AiReap.Application.csproj" (_GenerateRestoreProjectPathWalk target(s)).
   1:3>Done executing task "MSBuild".
       Task "MSBuild" skipped, due to false condition; ( '$(RestoreUseSkipNonexistentTargets)' != 'true' ) was evaluated as ( 'true' != 'true' ).
       Task "RemoveDuplicates"
       Done executing task "RemoveDuplicates".
   1:3>Done building target "_GenerateRestoreProjectPathWalk" in project "AiReap.Infrastructure.csproj".
   1:3>Done Building Project "D:\AI-REAP\src\AiReap.Infrastructure\AiReap.Infrastructure.csproj" (_GenerateRestoreProjectPathWalk target(s)).
     1>Done executing task "MSBuild".
       Task "MSBuild" skipped, due to false condition; ( '$(RestoreUseSkipNonexistentTargets)' != 'true' ) was evaluated as ( 'true' != 'true' ).
       Task "RemoveDuplicates"
       Done executing task "RemoveDuplicates".
       Task "MSBuild"
         Global Properties:
           ExcludeRestorePackageImports=true
     1>Project "D:\AI-REAP\src\AiReap.Infrastructure\AiReap.Infrastructure.csproj" (1) is building "D:\AI-REAP\src\AiReap.Infrastructure\AiReap.Infrastructure.csproj" (1:4) on node 1 (_IsProjectRestoreSupported target(s)).
   1:4>Target "_IsProjectRestoreSupported" skipped. Previously built successfully.
   1:4>Done Building Project "D:\AI-REAP\src\AiReap.Infrastructure\AiReap.Infrastructure.csproj" (_IsProjectRestoreSupported target(s)).
     1>Project "D:\AI-REAP\src\AiReap.Infrastructure\AiReap.Infrastructure.csproj" (1) is building "D:\AI-REAP\src\AiReap.Domain\AiReap.Domain.csproj" (2:3) on node 1 (_IsProjectRestoreSupported target(s)).
   2:3>Target "_IsProjectRestoreSupported" in file "C:\Program Files\dotnet\sdk\8.0.425\NuGet.targets" from project "D:\AI-REAP\src\AiReap.Domain\AiReap.Domain.csproj" (entry point):
   2:3>Done building target "_IsProjectRestoreSupported" in project "AiReap.Domain.csproj".
   2:3>Done Building Project "D:\AI-REAP\src\AiReap.Domain\AiReap.Domain.csproj" (_IsProjectRestoreSupported target(s)).
     1>Project "D:\AI-REAP\src\AiReap.Infrastructure\AiReap.Infrastructure.csproj" (1) is building "D:\AI-REAP\src\AiReap.Application\AiReap.Application.csproj" (3:2) on node 2 (_IsProjectRestoreSupported target(s)).
   3:2>Target "_IsProjectRestoreSupported" in file "C:\Program Files\dotnet\sdk\8.0.425\NuGet.targets" from project "D:\AI-REAP\src\AiReap.Application\AiReap.Application.csproj" (entry point):
   3:2>Done building target "_IsProjectRestoreSupported" in project "AiReap.Application.csproj".
   3:2>Done Building Project "D:\AI-REAP\src\AiReap.Application\AiReap.Application.csproj" (_IsProjectRestoreSupported target(s)).
     1>Done executing task "MSBuild".
       Task "MSBuild" skipped, due to false condition; ( '$(RestoreUseSkipNonexistentTargets)' != 'true' ) was evaluated as ( 'true' != 'true' ).
     1>Done building target "_GetAllRestoreProjectPathItems" in project "AiReap.Infrastructure.csproj".
     1>Target "_GenerateRestoreGraph" in file "C:\Program Files\dotnet\sdk\8.0.425\NuGet.targets" from project "D:\AI-REAP\src\AiReap.Infrastructure\AiReap.Infrastructure.csproj" (target "Restore" depends on it):
       Using "Message" task from assembly "Microsoft.Build.Tasks.Core, Version=15.1.0.0, Culture=neutral, PublicKeyToken=b03f5f7f11d50a3a".
       Task "Message"
         Generating dg file
       Done executing task "Message".
       Task "Message"
         D:\AI-REAP\src\AiReap.Domain\AiReap.Domain.csproj
       Done executing task "Message".
       Task "Message"
         D:\AI-REAP\src\AiReap.Application\AiReap.Application.csproj
       Done executing task "Message".
       Task "Message"
         D:\AI-REAP\src\AiReap.Infrastructure\AiReap.Infrastructure.csproj
       Done executing task "Message".
       Task "MSBuild"
         Global Properties:
           ExcludeRestorePackageImports=true
     1>Project "D:\AI-REAP\src\AiReap.Infrastructure\AiReap.Infrastructure.csproj" (1) is building "D:\AI-REAP\src\AiReap.Domain\AiReap.Domain.csproj" (2:4) on node 1 (_GenerateRestoreGraphProjectEntry target(s)).
   2:4>Target "_GetProjectJsonPath" in file "C:\Program Files\dotnet\sdk\8.0.425\NuGet.targets" from project "D:\AI-REAP\src\AiReap.Domain\AiReap.Domain.csproj" (target "_GetRestoreProjectStyle" depends on it):
   2:4>Task "GetRestoreProjectJsonPathTask" skipped, due to false condition; ( '$(RestoreProjectStyle)' == 'ProjectJson' OR '$(RestoreProjectStyle)' == '' ) was evaluated as ( 'PackageReference' == 'ProjectJson' OR 'PackageReference' == '' ).
   2:4>Done building target "_GetProjectJsonPath" in project "AiReap.Domain.csproj".
       Target "_CheckForUnsupportedTargetPlatformIdentifier" skipped, due to false condition; ('$(TargetPlatformIdentifier)' != '' and '$(TargetFrameworkIdentifier)' == '.NETCoreApp' and $([MSBuild]::VersionGreaterThanOrEquals($(TargetFrameworkVersion), 5.0)) And ('$(DesignTimeBuild)' != 'true' Or '@(MissingWorkloadPack)' == '')) was evaluated as ('' != '' and '.NETCoreApp' == '.NETCoreApp' and True And ('' != 'true' Or '' == '')).
       Target "_CheckForMissingWorkload" skipped, due to false condition; ('@(MissingWorkloadPack)' != '' And '$(DesignTimeBuild)' != 'true') was evaluated as ('' != '' And '' != 'true').
   2:4>Target "_CheckForUnsupportedNETCoreVersion" in file "C:\Program Files\dotnet\sdk\8.0.425\Sdks\Microsoft.NET.Sdk\targets\Microsoft.NET.TargetFrameworkInference.targets" from project "D:\AI-REAP\src\AiReap.Domain\AiReap.Domain.csproj" (target "CollectPackageReferences" depends on it):
       Task "NETSdkError" skipped, due to false condition; ('$(_TargetFrameworkVersionWithoutV)' > '$(NETCoreAppMaximumVersion)' and '$(DisplayVSMessage)' != 'true') was evaluated as ('8.0' > '8.0' and '' != 'true').
       Task "NETSdkError" skipped, due to false condition; ('$(DisplayVSMessage)' == 'true') was evaluated as ('' == 'true').
   2:4>Done building target "_CheckForUnsupportedNETCoreVersion" in project "AiReap.Domain.csproj".
       Target "_CheckForEolTargetFrameworks" skipped, due to false condition; ('@(_EolNetCoreTargetFrameworkVersions->AnyHaveMetadataValue('Identity', '$(_TargetFrameworkVersionWithoutV)'))' and '$(TargetFrameworkIdentifier)' == '.NETCoreApp' and '$(CheckEolTargetFramework)' == 'true') was evaluated as ('false' and '.NETCoreApp' == '.NETCoreApp' and '' == 'true').
       Target "_CheckForEolWorkloads" skipped, due to false condition; ('@(EolWorkload)' != '' and '$(CheckEolWorkloads)' == 'true') was evaluated as ('' != '' and 'true' == 'true').
   2:4>Target "_CheckForUnsupportedCppNETCoreVersion" in file "C:\Program Files\dotnet\sdk\8.0.425\Sdks\Microsoft.NET.Sdk\targets\Microsoft.NET.TargetFrameworkInference.targets" from project "D:\AI-REAP\src\AiReap.Domain\AiReap.Domain.csproj" (target "CollectPackageReferences" depends on it):
       Task "NETSdkError" skipped, due to false condition; ('$(TargetFrameworkIdentifier)' == '.NETCoreApp' and '$(_TargetFrameworkVersionWithoutV)' < '3.1' and ('$(Language)' == 'C++' and '$(_EnablePackageReferencesInVCProjects)' != 'true')) was evaluated as ('.NETCoreApp' == '.NETCoreApp' and '8.0' < '3.1' and ('C#' == 'C++' and '' != 'true')).
   2:4>Done building target "_CheckForUnsupportedCppNETCoreVersion" in project "AiReap.Domain.csproj".
       Target "_CheckForUnsupportedNETStandardVersion" skipped, due to false condition; ('$(TargetFrameworkIdentifier)' == '.NETStandard' And '$(NETStandardMaximumVersion)' != '') was evaluated as ('.NETCoreApp' == '.NETStandard' And '' != '').
       Target "_CheckForUnsupportedTargetFrameworkAndFeatureCombination" skipped, due to false condition; ('$(TargetFrameworkIdentifier)' == '.NETFramework') was evaluated as ('.NETCoreApp' == '.NETFramework').
       Target "ApplyImplicitVersions" skipped, due to false condition; ('@(PackageReference)' != '') was evaluated as ('' != '').
       Target "IncludeTargetingPackReference" skipped, due to false condition; ('$(TargetFrameworkMoniker)' != '' and '$(TargetFrameworkIdentifier)' == '.NETFramework' and '$(AutomaticallyUseReferenceAssemblyPackages)' == 'true') was evaluated as ('.NETCoreApp,Version=v8.0' != '' and '.NETCoreApp' == '.NETFramework' and 'true' == 'true').
     1>Project "D:\AI-REAP\src\AiReap.Infrastructure\AiReap.Infrastructure.csproj" (1) is building "D:\AI-REAP\src\AiReap.Application\AiReap.Application.csproj" (3:3) on node 2 (_GenerateRestoreGraphProjectEntry target(s)).
   3:3>Target "_GetProjectJsonPath" in file "C:\Program Files\dotnet\sdk\8.0.425\NuGet.targets" from project "D:\AI-REAP\src\AiReap.Application\AiReap.Application.csproj" (target "_GetRestoreProjectStyle" depends on it):
   3:3>Task "GetRestoreProjectJsonPathTask" skipped, due to false condition; ( '$(RestoreProjectStyle)' == 'ProjectJson' OR '$(RestoreProjectStyle)' == '' ) was evaluated as ( 'PackageReference' == 'ProjectJson' OR 'PackageReference' == '' ).
   3:3>Done building target "_GetProjectJsonPath" in project "AiReap.Application.csproj".
   2:4>Target "CheckForImplicitPackageReferenceOverrides" in file "C:\Program Files\dotnet\sdk\8.0.425\Sdks\Microsoft.NET.Sdk\targets\Microsoft.NET.Sdk.DefaultItems.Shared.targets" from project "D:\AI-REAP\src\AiReap.Domain\AiReap.Domain.csproj" (target "CollectPackageReferences" depends on it):
   2:4>Using "CheckForImplicitPackageReferenceOverrides" task from assembly "C:\Program Files\dotnet\sdk\8.0.425\Sdks\Microsoft.NET.Sdk\targets\..\tools\net8.0\Microsoft.NET.Build.Tasks.dll".
       Task "CheckForImplicitPackageReferenceOverrides"
   3:3>Target "_CheckForUnsupportedTargetPlatformIdentifier" skipped, due to false condition; ('$(TargetPlatformIdentifier)' != '' and '$(TargetFrameworkIdentifier)' == '.NETCoreApp' and $([MSBuild]::VersionGreaterThanOrEquals($(TargetFrameworkVersion), 5.0)) And ('$(DesignTimeBuild)' != 'true' Or '@(MissingWorkloadPack)' == '')) was evaluated as ('' != '' and '.NETCoreApp' == '.NETCoreApp' and True And ('' != 'true' Or '' == '')).
   2:4>Done executing task "CheckForImplicitPackageReferenceOverrides".
   2:4>Done building target "CheckForImplicitPackageReferenceOverrides" in project "AiReap.Domain.csproj".
       Target "AddWindowsSdkKnownFrameworkReferences" skipped, due to false condition; ('$(TargetFrameworkIdentifier)' == '.NETCoreApp' And '$(TargetPlatformIdentifier)' == 'Windows') was evaluated as ('.NETCoreApp' == '.NETCoreApp' And '' == 'Windows').
       Target "_NormalizeTargetPlatformVersion" skipped, due to false condition; ('$(TargetPlatformVersion)' != '' and '$(TargetFrameworkIdentifier)' == '.NETCoreApp' and $([MSBuild]::VersionGreaterThanOrEquals($(TargetFrameworkVersion), 5.0)) and ('$(Language)' != 'C++' or '$(_EnablePackageReferencesInVCProjects)' == 'true')) was evaluated as ('' != '' and '.NETCoreApp' == '.NETCoreApp' and True and ('C#' != 'C++' or '' == 'true')).
   2:4>Target "_CheckForLanguageAndFeatureCombinationSupport" in file "C:\Program Files\dotnet\sdk\8.0.425\Sdks\Microsoft.NET.Sdk\targets\Microsoft.NET.RuntimeIdentifierInference.targets" from project "D:\AI-REAP\src\AiReap.Domain\AiReap.Domain.csproj" (target "ProcessFrameworkReferences" depends on it):
       Task "NETSdkError" skipped, due to false condition; (('$(Language)' == 'C++' and '$(_EnablePackageReferencesInVCProjects)' != 'true') and $(OutputType) != 'library' and '$(TargetFrameworkIdentifier)' == '.NETCoreApp') was evaluated as (('C#' == 'C++' and '' != 'true') and Library != 'library' and '.NETCoreApp' == '.NETCoreApp').
       Task "NETSdkError" skipped, due to false condition; (('$(Language)' == 'C++' and '$(_EnablePackageReferencesInVCProjects)' != 'true') and $(EnableComHosting) == 'true') was evaluated as (('C#' == 'C++' and '' != 'true') and  == 'true').
       Task "NETSdkError" skipped, due to false condition; (('$(Language)' == 'C++' and '$(_EnablePackageReferencesInVCProjects)' != 'true') and $(SelfContained) == 'true') was evaluated as (('C#' == 'C++' and '' != 'true') and  == 'true').
   2:4>Done building target "_CheckForLanguageAndFeatureCombinationSupport" in project "AiReap.Domain.csproj".
       Target "ApplyImplicitVersions" skipped, due to false condition; ('@(PackageReference)' != '') was evaluated as ('' != '').
   3:3>Target "_CheckForMissingWorkload" skipped, due to false condition; ('@(MissingWorkloadPack)' != '' And '$(DesignTimeBuild)' != 'true') was evaluated as ('' != '' And '' != 'true').
   3:3>Target "_CheckForUnsupportedNETCoreVersion" in file "C:\Program Files\dotnet\sdk\8.0.425\Sdks\Microsoft.NET.Sdk\targets\Microsoft.NET.TargetFrameworkInference.targets" from project "D:\AI-REAP\src\AiReap.Application\AiReap.Application.csproj" (target "CollectPackageReferences" depends on it):
       Task "NETSdkError" skipped, due to false condition; ('$(_TargetFrameworkVersionWithoutV)' > '$(NETCoreAppMaximumVersion)' and '$(DisplayVSMessage)' != 'true') was evaluated as ('8.0' > '8.0' and '' != 'true').
       Task "NETSdkError" skipped, due to false condition; ('$(DisplayVSMessage)' == 'true') was evaluated as ('' == 'true').
   2:4>Target "_ComputeToolPackInputsToProcessFrameworkReferences" in file "C:\Program Files\dotnet\sdk\8.0.425\Sdks\Microsoft.NET.Sdk\targets\Microsoft.NET.Publish.targets" from project "D:\AI-REAP\src\AiReap.Domain\AiReap.Domain.csproj" (target "ProcessFrameworkReferences" depends on it):
   2:4>Done building target "_ComputeToolPackInputsToProcessFrameworkReferences" in project "AiReap.Domain.csproj".
   2:4>Target "ProcessFrameworkReferences" in file "C:\Program Files\dotnet\sdk\8.0.425\Sdks\Microsoft.NET.Sdk\targets\Microsoft.NET.Sdk.FrameworkReferenceResolution.targets" from project "D:\AI-REAP\src\AiReap.Domain\AiReap.Domain.csproj" (target "CollectPackageReferences" depends on it):
       Using "CheckForDuplicateFrameworkReferences" task from assembly "C:\Program Files\dotnet\sdk\8.0.425\Sdks\Microsoft.NET.Sdk\targets\..\tools\net8.0\Microsoft.NET.Build.Tasks.dll".
       Task "CheckForDuplicateFrameworkReferences"
   3:3>Done building target "_CheckForUnsupportedNETCoreVersion" in project "AiReap.Application.csproj".
   2:4>Done executing task "CheckForDuplicateFrameworkReferences".
       Using "ProcessFrameworkReferences" task from assembly "C:\Program Files\dotnet\sdk\8.0.425\Sdks\Microsoft.NET.Sdk\targets\..\tools\net8.0\Microsoft.NET.Build.Tasks.dll".
       Task "ProcessFrameworkReferences"
   3:3>Target "_CheckForEolTargetFrameworks" skipped, due to false condition; ('@(_EolNetCoreTargetFrameworkVersions->AnyHaveMetadataValue('Identity', '$(_TargetFrameworkVersionWithoutV)'))' and '$(TargetFrameworkIdentifier)' == '.NETCoreApp' and '$(CheckEolTargetFramework)' == 'true') was evaluated as ('false' and '.NETCoreApp' == '.NETCoreApp' and '' == 'true').
       Target "_CheckForEolWorkloads" skipped, due to false condition; ('@(EolWorkload)' != '' and '$(CheckEolWorkloads)' == 'true') was evaluated as ('' != '' and 'true' == 'true').
   3:3>Target "_CheckForUnsupportedCppNETCoreVersion" in file "C:\Program Files\dotnet\sdk\8.0.425\Sdks\Microsoft.NET.Sdk\targets\Microsoft.NET.TargetFrameworkInference.targets" from project "D:\AI-REAP\src\AiReap.Application\AiReap.Application.csproj" (target "CollectPackageReferences" depends on it):
       Task "NETSdkError" skipped, due to false condition; ('$(TargetFrameworkIdentifier)' == '.NETCoreApp' and '$(_TargetFrameworkVersionWithoutV)' < '3.1' and ('$(Language)' == 'C++' and '$(_EnablePackageReferencesInVCProjects)' != 'true')) was evaluated as ('.NETCoreApp' == '.NETCoreApp' and '8.0' < '3.1' and ('C#' == 'C++' and '' != 'true')).
   3:3>Done building target "_CheckForUnsupportedCppNETCoreVersion" in project "AiReap.Application.csproj".
       Target "_CheckForUnsupportedNETStandardVersion" skipped, due to false condition; ('$(TargetFrameworkIdentifier)' == '.NETStandard' And '$(NETStandardMaximumVersion)' != '') was evaluated as ('.NETCoreApp' == '.NETStandard' And '' != '').
       Target "_CheckForUnsupportedTargetFrameworkAndFeatureCombination" skipped, due to false condition; ('$(TargetFrameworkIdentifier)' == '.NETFramework') was evaluated as ('.NETCoreApp' == '.NETFramework').
   3:3>Target "UpdateAspNetToFrameworkReference" in file "C:\Program Files\dotnet\sdk\8.0.425\Sdks\Microsoft.NET.Sdk\targets\Microsoft.NET.Sdk.DefaultItems.Shared.targets" from project "D:\AI-REAP\src\AiReap.Application\AiReap.Application.csproj" (target "ApplyImplicitVersions" depends on it):
       Using "CheckIfPackageReferenceShouldBeFrameworkReference" task from assembly "C:\Program Files\dotnet\sdk\8.0.425\Sdks\Microsoft.NET.Sdk\targets\..\tools\net8.0\Microsoft.NET.Build.Tasks.dll".
       Task "CheckIfPackageReferenceShouldBeFrameworkReference"
       Done executing task "CheckIfPackageReferenceShouldBeFrameworkReference".
       Task "NETSdkError" skipped, due to false condition; ('$(_ShouldRemoveAspNetCoreAll)' == 'true') was evaluated as ('False' == 'true').
       Task "CheckIfPackageReferenceShouldBeFrameworkReference"
       Done executing task "CheckIfPackageReferenceShouldBeFrameworkReference".
       Task "NETSdkWarning" skipped, due to false condition; ('$(_ShouldRemoveAspNetCoreApp)' == 'true') was evaluated as ('False' == 'true').
   3:3>Done building target "UpdateAspNetToFrameworkReference" in project "AiReap.Application.csproj".
       Target "IncludeTargetingPackReference" skipped, due to false condition; ('$(TargetFrameworkMoniker)' != '' and '$(TargetFrameworkIdentifier)' == '.NETFramework' and '$(AutomaticallyUseReferenceAssemblyPackages)' == 'true') was evaluated as ('.NETCoreApp,Version=v8.0' != '' and '.NETCoreApp' == '.NETFramework' and 'true' == 'true').
   3:3>Target "CheckForImplicitPackageReferenceOverrides" in file "C:\Program Files\dotnet\sdk\8.0.425\Sdks\Microsoft.NET.Sdk\targets\Microsoft.NET.Sdk.DefaultItems.Shared.targets" from project "D:\AI-REAP\src\AiReap.Application\AiReap.Application.csproj" (target "ApplyImplicitVersions" depends on it):
       Using "CheckForImplicitPackageReferenceOverrides" task from assembly "C:\Program Files\dotnet\sdk\8.0.425\Sdks\Microsoft.NET.Sdk\targets\..\tools\net8.0\Microsoft.NET.Build.Tasks.dll".
       Task "CheckForImplicitPackageReferenceOverrides"
       Done executing task "CheckForImplicitPackageReferenceOverrides".
   3:3>Done building target "CheckForImplicitPackageReferenceOverrides" in project "AiReap.Application.csproj".
   3:3>Target "ApplyImplicitVersions" in file "C:\Program Files\dotnet\sdk\8.0.425\Sdks\Microsoft.NET.Sdk\targets\Microsoft.NET.Sdk.DefaultItems.Shared.targets" from project "D:\AI-REAP\src\AiReap.Application\AiReap.Application.csproj" (target "CollectPackageReferences" depends on it):
       Using "ApplyImplicitVersions" task from assembly "C:\Program Files\dotnet\sdk\8.0.425\Sdks\Microsoft.NET.Sdk\targets\..\tools\net8.0\Microsoft.NET.Build.Tasks.dll".
       Task "ApplyImplicitVersions"
       Done executing task "ApplyImplicitVersions".
   3:3>Done building target "ApplyImplicitVersions" in project "AiReap.Application.csproj".
       Target "CheckForImplicitPackageReferenceOverrides" skipped. Previously built successfully.
       Target "AddWindowsSdkKnownFrameworkReferences" skipped, due to false condition; ('$(TargetFrameworkIdentifier)' == '.NETCoreApp' And '$(TargetPlatformIdentifier)' == 'Windows') was evaluated as ('.NETCoreApp' == '.NETCoreApp' And '' == 'Windows').
       Target "_NormalizeTargetPlatformVersion" skipped, due to false condition; ('$(TargetPlatformVersion)' != '' and '$(TargetFrameworkIdentifier)' == '.NETCoreApp' and $([MSBuild]::VersionGreaterThanOrEquals($(TargetFrameworkVersion), 5.0)) and ('$(Language)' != 'C++' or '$(_EnablePackageReferencesInVCProjects)' == 'true')) was evaluated as ('' != '' and '.NETCoreApp' == '.NETCoreApp' and True and ('C#' != 'C++' or '' == 'true')).
   3:3>Target "_CheckForLanguageAndFeatureCombinationSupport" in file "C:\Program Files\dotnet\sdk\8.0.425\Sdks\Microsoft.NET.Sdk\targets\Microsoft.NET.RuntimeIdentifierInference.targets" from project "D:\AI-REAP\src\AiReap.Application\AiReap.Application.csproj" (target "ProcessFrameworkReferences" depends on it):
       Task "NETSdkError" skipped, due to false condition; (('$(Language)' == 'C++' and '$(_EnablePackageReferencesInVCProjects)' != 'true') and $(OutputType) != 'library' and '$(TargetFrameworkIdentifier)' == '.NETCoreApp') was evaluated as (('C#' == 'C++' and '' != 'true') and Library != 'library' and '.NETCoreApp' == '.NETCoreApp').
       Task "NETSdkError" skipped, due to false condition; (('$(Language)' == 'C++' and '$(_EnablePackageReferencesInVCProjects)' != 'true') and $(EnableComHosting) == 'true') was evaluated as (('C#' == 'C++' and '' != 'true') and  == 'true').
       Task "NETSdkError" skipped, due to false condition; (('$(Language)' == 'C++' and '$(_EnablePackageReferencesInVCProjects)' != 'true') and $(SelfContained) == 'true') was evaluated as (('C#' == 'C++' and '' != 'true') and  == 'true').
   3:3>Done building target "_CheckForLanguageAndFeatureCombinationSupport" in project "AiReap.Application.csproj".
   3:3>Target "_ComputeToolPackInputsToProcessFrameworkReferences" in file "C:\Program Files\dotnet\sdk\8.0.425\Sdks\Microsoft.NET.Sdk\targets\Microsoft.NET.Publish.targets" from project "D:\AI-REAP\src\AiReap.Application\AiReap.Application.csproj" (target "ProcessFrameworkReferences" depends on it):
   3:3>Done building target "_ComputeToolPackInputsToProcessFrameworkReferences" in project "AiReap.Application.csproj".
   3:3>Target "ProcessFrameworkReferences" in file "C:\Program Files\dotnet\sdk\8.0.425\Sdks\Microsoft.NET.Sdk\targets\Microsoft.NET.Sdk.FrameworkReferenceResolution.targets" from project "D:\AI-REAP\src\AiReap.Application\AiReap.Application.csproj" (target "CollectPackageReferences" depends on it):
       Using "CheckForDuplicateFrameworkReferences" task from assembly "C:\Program Files\dotnet\sdk\8.0.425\Sdks\Microsoft.NET.Sdk\targets\..\tools\net8.0\Microsoft.NET.Build.Tasks.dll".
       Task "CheckForDuplicateFrameworkReferences"
       Done executing task "CheckForDuplicateFrameworkReferences".
       Using "ProcessFrameworkReferences" task from assembly "C:\Program Files\dotnet\sdk\8.0.425\Sdks\Microsoft.NET.Sdk\targets\..\tools\net8.0\Microsoft.NET.Build.Tasks.dll".
       Task "ProcessFrameworkReferences"
       Done executing task "ProcessFrameworkReferences".
       Using "ResolveAppHosts" task from assembly "C:\Program Files\dotnet\sdk\8.0.425\Sdks\Microsoft.NET.Sdk\targets\..\tools\net8.0\Microsoft.NET.Build.Tasks.dll".
       Task "ResolveAppHosts"
       Done executing task "ResolveAppHosts".
   3:3>Done building target "ProcessFrameworkReferences" in project "AiReap.Application.csproj".
       Target "IncludeTargetingPackReference" skipped, due to false condition; ('$(TargetFrameworkMoniker)' != '' and '$(TargetFrameworkIdentifier)' == '.NETFramework' and '$(AutomaticallyUseReferenceAssemblyPackages)' == 'true') was evaluated as ('.NETCoreApp,Version=v8.0' != '' and '.NETCoreApp' == '.NETFramework' and 'true' == 'true').
   3:3>Target "_AddMicrosoftNetCompilerToolsetFrameworkPackage" in file "C:\Program Files\dotnet\sdk\8.0.425\Sdks\Microsoft.NET.Sdk\targets\Microsoft.NET.Sdk.targets" from project "D:\AI-REAP\src\AiReap.Application\AiReap.Application.csproj" (target "CollectPackageReferences" depends on it):
       Task "NETSdkWarning" skipped, due to false condition; ('@(PackageReference->AnyHaveMetadataValue('Identity', 'Microsoft.Net.Compilers.Toolset.Framework'))' == 'true') was evaluated as ('false' == 'true').
   3:3>Done building target "_AddMicrosoftNetCompilerToolsetFrameworkPackage" in project "AiReap.Application.csproj".
   3:3>Target "_CheckForObsoleteDotNetCliToolReferences" in file "C:\Program Files\dotnet\sdk\8.0.425\Sdks\Microsoft.NET.Sdk\targets\Microsoft.NET.ObsoleteReferences.targets" from project "D:\AI-REAP\src\AiReap.Application\AiReap.Application.csproj" (target "CollectPackageReferences" depends on it):
       Task "NETSdkWarning" skipped, due to false condition; ( '%(_ReferenceToObsoleteDotNetCliTool.Identity)' != '' ) was evaluated as ( '' != '' ).
   3:3>Done building target "_CheckForObsoleteDotNetCliToolReferences" in project "AiReap.Application.csproj".
   3:3>Target "CollectPackageReferences" in file "C:\Program Files\dotnet\sdk\8.0.425\NuGet.targets" from project "D:\AI-REAP\src\AiReap.Application\AiReap.Application.csproj" (target "_GetRestoreProjectStyle" depends on it):
       Using "CheckForDuplicateNuGetItemsTask" task from assembly "C:\Program Files\dotnet\sdk\8.0.425\NuGet.Build.Tasks.dll".
       Task "CheckForDuplicateNuGetItemsTask"
       Done executing task "CheckForDuplicateNuGetItemsTask".
   3:3>Done building target "CollectPackageReferences" in project "AiReap.Application.csproj".
   3:3>Target "_GetRestoreProjectStyle" in file "C:\Program Files\dotnet\sdk\8.0.425\NuGet.targets" from project "D:\AI-REAP\src\AiReap.Application\AiReap.Application.csproj" (target "_GenerateRestoreSpecs" depends on it):
       Using "GetRestoreProjectStyleTask" task from assembly "C:\Program Files\dotnet\sdk\8.0.425\NuGet.Build.Tasks.dll".
       Task "GetRestoreProjectStyleTask"
       Done executing task "GetRestoreProjectStyleTask".
   3:3>Done building target "_GetRestoreProjectStyle" in project "AiReap.Application.csproj".
   3:3>Target "_GenerateRestoreSpecs" in file "C:\Program Files\dotnet\sdk\8.0.425\NuGet.targets" from project "D:\AI-REAP\src\AiReap.Application\AiReap.Application.csproj" (target "_GenerateRestoreGraphProjectEntry" depends on it):
       Using "Message" task from assembly "Microsoft.Build.Tasks.Core, Version=15.1.0.0, Culture=neutral, PublicKeyToken=b03f5f7f11d50a3a".
       Task "Message"
         Restore entry point D:\AI-REAP\src\AiReap.Application\AiReap.Application.csproj
       Done executing task "Message".
   2:4>Done executing task "ProcessFrameworkReferences".
   3:3>Done building target "_GenerateRestoreSpecs" in project "AiReap.Application.csproj".
   2:4>ProcessFrameworkReferences:
       Using "ResolveAppHosts" task from assembly "C:\Program Files\dotnet\sdk\8.0.425\Sdks\Microsoft.NET.Sdk\targets\..\tools\net8.0\Microsoft.NET.Build.Tasks.dll".
       Task "ResolveAppHosts"
   3:3>Target "_GetRestoreSettingsOverrides" in file "C:\Program Files\dotnet\sdk\8.0.425\NuGet.targets" from project "D:\AI-REAP\src\AiReap.Application\AiReap.Application.csproj" (target "_GetRestoreSettings" depends on it):
   3:3>Task "MSBuild" skipped, due to false condition; ( '$(RestorePackagesPath)' != '' ) was evaluated as ( '' != '' ).
       Task "MSBuild" skipped, due to false condition; ( '$(RestoreRepositoryPathOverride)' != '' ) was evaluated as ( '' != '' ).
   2:4>Done executing task "ResolveAppHosts".
   2:4>Done building target "ProcessFrameworkReferences" in project "AiReap.Domain.csproj".
   3:3>_GetRestoreSettingsOverrides:
       Task "MSBuild" skipped, due to false condition; ( '$(RestoreSources)' != '' ) was evaluated as ( '' != '' ).
   2:4>Target "IncludeTargetingPackReference" skipped, due to false condition; ('$(TargetFrameworkMoniker)' != '' and '$(TargetFrameworkIdentifier)' == '.NETFramework' and '$(AutomaticallyUseReferenceAssemblyPackages)' == 'true') was evaluated as ('.NETCoreApp,Version=v8.0' != '' and '.NETCoreApp' == '.NETFramework' and 'true' == 'true').
   2:4>Target "_AddMicrosoftNetCompilerToolsetFrameworkPackage" in file "C:\Program Files\dotnet\sdk\8.0.425\Sdks\Microsoft.NET.Sdk\targets\Microsoft.NET.Sdk.targets" from project "D:\AI-REAP\src\AiReap.Domain\AiReap.Domain.csproj" (target "CollectPackageReferences" depends on it):
       Task "NETSdkWarning" skipped, due to false condition; ('@(PackageReference->AnyHaveMetadataValue('Identity', 'Microsoft.Net.Compilers.Toolset.Framework'))' == 'true') was evaluated as ('false' == 'true').
   2:4>Done building target "_AddMicrosoftNetCompilerToolsetFrameworkPackage" in project "AiReap.Domain.csproj".
   2:4>Target "_CheckForObsoleteDotNetCliToolReferences" in file "C:\Program Files\dotnet\sdk\8.0.425\Sdks\Microsoft.NET.Sdk\targets\Microsoft.NET.ObsoleteReferences.targets" from project "D:\AI-REAP\src\AiReap.Domain\AiReap.Domain.csproj" (target "CollectPackageReferences" depends on it):
       Task "NETSdkWarning" skipped, due to false condition; ( '%(_ReferenceToObsoleteDotNetCliTool.Identity)' != '' ) was evaluated as ( '' != '' ).
   2:4>Done building target "_CheckForObsoleteDotNetCliToolReferences" in project "AiReap.Domain.csproj".
   2:4>Target "CollectPackageReferences" in file "C:\Program Files\dotnet\sdk\8.0.425\NuGet.targets" from project "D:\AI-REAP\src\AiReap.Domain\AiReap.Domain.csproj" (target "_GetRestoreProjectStyle" depends on it):
       Using "CheckForDuplicateNuGetItemsTask" task from assembly "C:\Program Files\dotnet\sdk\8.0.425\NuGet.Build.Tasks.dll".
       Task "CheckForDuplicateNuGetItemsTask"
   3:3>_GetRestoreSettingsOverrides:
       Task "MSBuild" skipped, due to false condition; ( '$(RestoreFallbackFolders)' != '' ) was evaluated as ( '' != '' ).
   2:4>Done executing task "CheckForDuplicateNuGetItemsTask".
   2:4>Done building target "CollectPackageReferences" in project "AiReap.Domain.csproj".
   3:3>Done building target "_GetRestoreSettingsOverrides" in project "AiReap.Application.csproj".
   2:4>Target "_GetRestoreProjectStyle" in file "C:\Program Files\dotnet\sdk\8.0.425\NuGet.targets" from project "D:\AI-REAP\src\AiReap.Domain\AiReap.Domain.csproj" (target "_GenerateRestoreSpecs" depends on it):
   2:4>Using "GetRestoreProjectStyleTask" task from assembly "C:\Program Files\dotnet\sdk\8.0.425\NuGet.Build.Tasks.dll".
       Task "GetRestoreProjectStyleTask"
   3:3>Target "_GetRestoreSettingsPerFramework" in file "C:\Program Files\dotnet\sdk\8.0.425\NuGet.targets" from project "D:\AI-REAP\src\AiReap.Application\AiReap.Application.csproj" (target "_GetRestoreSettingsCurrentProject" depends on it):
   3:3>Done building target "_GetRestoreSettingsPerFramework" in project "AiReap.Application.csproj".
   2:4>Done executing task "GetRestoreProjectStyleTask".
   2:4>Done building target "_GetRestoreProjectStyle" in project "AiReap.Domain.csproj".
   3:3>Target "_GetRestoreSettingsCurrentProject" in file "C:\Program Files\dotnet\sdk\8.0.425\NuGet.targets" from project "D:\AI-REAP\src\AiReap.Application\AiReap.Application.csproj" (target "_GetRestoreSettings" depends on it):
   3:3>Done building target "_GetRestoreSettingsCurrentProject" in project "AiReap.Application.csproj".
   2:4>Target "_GenerateRestoreSpecs" in file "C:\Program Files\dotnet\sdk\8.0.425\NuGet.targets" from project "D:\AI-REAP\src\AiReap.Domain\AiReap.Domain.csproj" (target "_GenerateRestoreGraphProjectEntry" depends on it):
   2:4>Task "Message"
         Restore entry point D:\AI-REAP\src\AiReap.Domain\AiReap.Domain.csproj
       Done executing task "Message".
   2:4>Done building target "_GenerateRestoreSpecs" in project "AiReap.Domain.csproj".
   2:4>Target "_GetRestoreSettingsOverrides" in file "C:\Program Files\dotnet\sdk\8.0.425\NuGet.targets" from project "D:\AI-REAP\src\AiReap.Domain\AiReap.Domain.csproj" (target "_GetRestoreSettings" depends on it):
       Task "MSBuild" skipped, due to false condition; ( '$(RestorePackagesPath)' != '' ) was evaluated as ( '' != '' ).
       Task "MSBuild" skipped, due to false condition; ( '$(RestoreRepositoryPathOverride)' != '' ) was evaluated as ( '' != '' ).
       Task "MSBuild" skipped, due to false condition; ( '$(RestoreSources)' != '' ) was evaluated as ( '' != '' ).
       Task "MSBuild" skipped, due to false condition; ( '$(RestoreFallbackFolders)' != '' ) was evaluated as ( '' != '' ).
   2:4>Done building target "_GetRestoreSettingsOverrides" in project "AiReap.Domain.csproj".
   2:4>Target "_GetRestoreSettingsPerFramework" in file "C:\Program Files\dotnet\sdk\8.0.425\NuGet.targets" from project "D:\AI-REAP\src\AiReap.Domain\AiReap.Domain.csproj" (target "_GetRestoreSettingsCurrentProject" depends on it):
   2:4>Done building target "_GetRestoreSettingsPerFramework" in project "AiReap.Domain.csproj".
   2:4>Target "_GetRestoreSettingsCurrentProject" in file "C:\Program Files\dotnet\sdk\8.0.425\NuGet.targets" from project "D:\AI-REAP\src\AiReap.Domain\AiReap.Domain.csproj" (target "_GetRestoreSettings" depends on it):
   2:4>Done building target "_GetRestoreSettingsCurrentProject" in project "AiReap.Domain.csproj".
       Target "_GetRestoreSettingsAllFrameworks" skipped, due to false condition; ( '$(TargetFrameworks)' != '' AND '$(PackageReferenceCompatibleProjectStyle)' == 'true' ) was evaluated as ( '' != '' AND 'True' == 'true' ).
   2:4>Target "_GetRestoreSettings" in file "C:\Program Files\dotnet\sdk\8.0.425\NuGet.targets" from project "D:\AI-REAP\src\AiReap.Domain\AiReap.Domain.csproj" (target "_GenerateDotnetCliToolReferenceSpecs" depends on it):
       Using "GetRestoreSettingsTask" task from assembly "C:\Program Files\dotnet\sdk\8.0.425\NuGet.Build.Tasks.dll".
       Task "GetRestoreSettingsTask"
   3:3>Target "_GetRestoreSettingsAllFrameworks" skipped, due to false condition; ( '$(TargetFrameworks)' != '' AND '$(PackageReferenceCompatibleProjectStyle)' == 'true' ) was evaluated as ( '' != '' AND 'True' == 'true' ).
   3:3>Target "_GetRestoreSettings" in file "C:\Program Files\dotnet\sdk\8.0.425\NuGet.targets" from project "D:\AI-REAP\src\AiReap.Application\AiReap.Application.csproj" (target "_GenerateDotnetCliToolReferenceSpecs" depends on it):
       Using "GetRestoreSettingsTask" task from assembly "C:\Program Files\dotnet\sdk\8.0.425\NuGet.Build.Tasks.dll".
       Task "GetRestoreSettingsTask"
       Done executing task "GetRestoreSettingsTask".
   3:3>Done building target "_GetRestoreSettings" in project "AiReap.Application.csproj".
   2:4>_GetRestoreSettings:
         Assembly loaded during TaskRun (NuGet.Build.Tasks.GetRestoreSettingsTask): NuGet.Configuration, Version=6.11.2.1, Culture=neutral, PublicKeyToken=31bf3856ad364e35 (location: C:\Program Files\dotnet\sdk\8.0.425\NuGet.Configuration.dll, MVID: 9c7b2a88-68b8-49a2-be28-1b1a5314633f, AssemblyLoadContext: MSBuild plugin C:\Program Files\dotnet\sdk\8.0.425\NuGet.Build.Tasks.dll)
   3:3>Target "_GenerateDotnetCliToolReferenceSpecs" in file "C:\Program Files\dotnet\sdk\8.0.425\NuGet.targets" from project "D:\AI-REAP\src\AiReap.Application\AiReap.Application.csproj" (target "_GenerateRestoreGraphProjectEntry" depends on it):
   3:3>Using "GetRestoreDotnetCliToolsTask" task from assembly "C:\Program Files\dotnet\sdk\8.0.425\NuGet.Build.Tasks.dll".
       Task "GetRestoreDotnetCliToolsTask"
       Done executing task "GetRestoreDotnetCliToolsTask".
   3:3>Done building target "_GenerateDotnetCliToolReferenceSpecs" in project "AiReap.Application.csproj".
   3:3>Target "_GenerateRestoreGraphProjectEntry" in file "C:\Program Files\dotnet\sdk\8.0.425\NuGet.targets" from project "D:\AI-REAP\src\AiReap.Application\AiReap.Application.csproj" (entry point):
   3:3>Done building target "_GenerateRestoreGraphProjectEntry" in project "AiReap.Application.csproj".
   3:3>Done Building Project "D:\AI-REAP\src\AiReap.Application\AiReap.Application.csproj" (_GenerateRestoreGraphProjectEntry target(s)).
   2:4>Done executing task "GetRestoreSettingsTask".
   2:4>Done building target "_GetRestoreSettings" in project "AiReap.Domain.csproj".
   2:4>Target "_GenerateDotnetCliToolReferenceSpecs" in file "C:\Program Files\dotnet\sdk\8.0.425\NuGet.targets" from project "D:\AI-REAP\src\AiReap.Domain\AiReap.Domain.csproj" (target "_GenerateRestoreGraphProjectEntry" depends on it):
       Using "GetRestoreDotnetCliToolsTask" task from assembly "C:\Program Files\dotnet\sdk\8.0.425\NuGet.Build.Tasks.dll".
       Task "GetRestoreDotnetCliToolsTask"
       Done executing task "GetRestoreDotnetCliToolsTask".
   2:4>Done building target "_GenerateDotnetCliToolReferenceSpecs" in project "AiReap.Domain.csproj".
   2:4>Target "_GenerateRestoreGraphProjectEntry" in file "C:\Program Files\dotnet\sdk\8.0.425\NuGet.targets" from project "D:\AI-REAP\src\AiReap.Domain\AiReap.Domain.csproj" (entry point):
   2:4>Done building target "_GenerateRestoreGraphProjectEntry" in project "AiReap.Domain.csproj".
   2:4>Done Building Project "D:\AI-REAP\src\AiReap.Domain\AiReap.Domain.csproj" (_GenerateRestoreGraphProjectEntry target(s)).
     1>Project "D:\AI-REAP\src\AiReap.Infrastructure\AiReap.Infrastructure.csproj" (1) is building "D:\AI-REAP\src\AiReap.Infrastructure\AiReap.Infrastructure.csproj" (1:5) on node 1 (_GenerateRestoreGraphProjectEntry target(s)).
   1:5>Target "_GetProjectJsonPath" in file "C:\Program Files\dotnet\sdk\8.0.425\NuGet.targets" from project "D:\AI-REAP\src\AiReap.Infrastructure\AiReap.Infrastructure.csproj" (target "_GetRestoreProjectStyle" depends on it):
   1:5>Task "GetRestoreProjectJsonPathTask" skipped, due to false condition; ( '$(RestoreProjectStyle)' == 'ProjectJson' OR '$(RestoreProjectStyle)' == '' ) was evaluated as ( 'PackageReference' == 'ProjectJson' OR 'PackageReference' == '' ).
   1:5>Done building target "_GetProjectJsonPath" in project "AiReap.Infrastructure.csproj".
       Target "_CheckForUnsupportedTargetPlatformIdentifier" skipped, due to false condition; ('$(TargetPlatformIdentifier)' != '' and '$(TargetFrameworkIdentifier)' == '.NETCoreApp' and $([MSBuild]::VersionGreaterThanOrEquals($(TargetFrameworkVersion), 5.0)) And ('$(DesignTimeBuild)' != 'true' Or '@(MissingWorkloadPack)' == '')) was evaluated as ('' != '' and '.NETCoreApp' == '.NETCoreApp' and True And ('' != 'true' Or '' == '')).
       Target "_CheckForMissingWorkload" skipped, due to false condition; ('@(MissingWorkloadPack)' != '' And '$(DesignTimeBuild)' != 'true') was evaluated as ('' != '' And '' != 'true').
   1:5>Target "_CheckForUnsupportedNETCoreVersion" in file "C:\Program Files\dotnet\sdk\8.0.425\Sdks\Microsoft.NET.Sdk\targets\Microsoft.NET.TargetFrameworkInference.targets" from project "D:\AI-REAP\src\AiReap.Infrastructure\AiReap.Infrastructure.csproj" (target "CollectPackageReferences" depends on it):
       Task "NETSdkError" skipped, due to false condition; ('$(_TargetFrameworkVersionWithoutV)' > '$(NETCoreAppMaximumVersion)' and '$(DisplayVSMessage)' != 'true') was evaluated as ('8.0' > '8.0' and '' != 'true').
       Task "NETSdkError" skipped, due to false condition; ('$(DisplayVSMessage)' == 'true') was evaluated as ('' == 'true').
   1:5>Done building target "_CheckForUnsupportedNETCoreVersion" in project "AiReap.Infrastructure.csproj".
       Target "_CheckForEolTargetFrameworks" skipped, due to false condition; ('@(_EolNetCoreTargetFrameworkVersions->AnyHaveMetadataValue('Identity', '$(_TargetFrameworkVersionWithoutV)'))' and '$(TargetFrameworkIdentifier)' == '.NETCoreApp' and '$(CheckEolTargetFramework)' == 'true') was evaluated as ('false' and '.NETCoreApp' == '.NETCoreApp' and '' == 'true').
       Target "_CheckForEolWorkloads" skipped, due to false condition; ('@(EolWorkload)' != '' and '$(CheckEolWorkloads)' == 'true') was evaluated as ('' != '' and 'true' == 'true').
   1:5>Target "_CheckForUnsupportedCppNETCoreVersion" in file "C:\Program Files\dotnet\sdk\8.0.425\Sdks\Microsoft.NET.Sdk\targets\Microsoft.NET.TargetFrameworkInference.targets" from project "D:\AI-REAP\src\AiReap.Infrastructure\AiReap.Infrastructure.csproj" (target "CollectPackageReferences" depends on it):
       Task "NETSdkError" skipped, due to false condition; ('$(TargetFrameworkIdentifier)' == '.NETCoreApp' and '$(_TargetFrameworkVersionWithoutV)' < '3.1' and ('$(Language)' == 'C++' and '$(_EnablePackageReferencesInVCProjects)' != 'true')) was evaluated as ('.NETCoreApp' == '.NETCoreApp' and '8.0' < '3.1' and ('C#' == 'C++' and '' != 'true')).
   1:5>Done building target "_CheckForUnsupportedCppNETCoreVersion" in project "AiReap.Infrastructure.csproj".
       Target "_CheckForUnsupportedNETStandardVersion" skipped, due to false condition; ('$(TargetFrameworkIdentifier)' == '.NETStandard' And '$(NETStandardMaximumVersion)' != '') was evaluated as ('.NETCoreApp' == '.NETStandard' And '' != '').
       Target "_CheckForUnsupportedTargetFrameworkAndFeatureCombination" skipped, due to false condition; ('$(TargetFrameworkIdentifier)' == '.NETFramework') was evaluated as ('.NETCoreApp' == '.NETFramework').
   1:5>Target "UpdateAspNetToFrameworkReference" in file "C:\Program Files\dotnet\sdk\8.0.425\Sdks\Microsoft.NET.Sdk\targets\Microsoft.NET.Sdk.DefaultItems.Shared.targets" from project "D:\AI-REAP\src\AiReap.Infrastructure\AiReap.Infrastructure.csproj" (target "ApplyImplicitVersions" depends on it):
       Using "CheckIfPackageReferenceShouldBeFrameworkReference" task from assembly "C:\Program Files\dotnet\sdk\8.0.425\Sdks\Microsoft.NET.Sdk\targets\..\tools\net8.0\Microsoft.NET.Build.Tasks.dll".
       Task "CheckIfPackageReferenceShouldBeFrameworkReference"
       Done executing task "CheckIfPackageReferenceShouldBeFrameworkReference".
       Task "NETSdkError" skipped, due to false condition; ('$(_ShouldRemoveAspNetCoreAll)' == 'true') was evaluated as ('False' == 'true').
       Task "CheckIfPackageReferenceShouldBeFrameworkReference"
       Done executing task "CheckIfPackageReferenceShouldBeFrameworkReference".
       Task "NETSdkWarning" skipped, due to false condition; ('$(_ShouldRemoveAspNetCoreApp)' == 'true') was evaluated as ('False' == 'true').
   1:5>Done building target "UpdateAspNetToFrameworkReference" in project "AiReap.Infrastructure.csproj".
       Target "IncludeTargetingPackReference" skipped, due to false condition; ('$(TargetFrameworkMoniker)' != '' and '$(TargetFrameworkIdentifier)' == '.NETFramework' and '$(AutomaticallyUseReferenceAssemblyPackages)' == 'true') was evaluated as ('.NETCoreApp,Version=v8.0' != '' and '.NETCoreApp' == '.NETFramework' and 'true' == 'true').
   1:5>Target "CheckForImplicitPackageReferenceOverrides" in file "C:\Program Files\dotnet\sdk\8.0.425\Sdks\Microsoft.NET.Sdk\targets\Microsoft.NET.Sdk.DefaultItems.Shared.targets" from project "D:\AI-REAP\src\AiReap.Infrastructure\AiReap.Infrastructure.csproj" (target "ApplyImplicitVersions" depends on it):
       Using "CheckForImplicitPackageReferenceOverrides" task from assembly "C:\Program Files\dotnet\sdk\8.0.425\Sdks\Microsoft.NET.Sdk\targets\..\tools\net8.0\Microsoft.NET.Build.Tasks.dll".
       Task "CheckForImplicitPackageReferenceOverrides"
       Done executing task "CheckForImplicitPackageReferenceOverrides".
   1:5>Done building target "CheckForImplicitPackageReferenceOverrides" in project "AiReap.Infrastructure.csproj".
   1:5>Target "ApplyImplicitVersions" in file "C:\Program Files\dotnet\sdk\8.0.425\Sdks\Microsoft.NET.Sdk\targets\Microsoft.NET.Sdk.DefaultItems.Shared.targets" from project "D:\AI-REAP\src\AiReap.Infrastructure\AiReap.Infrastructure.csproj" (target "CollectPackageReferences" depends on it):
       Using "ApplyImplicitVersions" task from assembly "C:\Program Files\dotnet\sdk\8.0.425\Sdks\Microsoft.NET.Sdk\targets\..\tools\net8.0\Microsoft.NET.Build.Tasks.dll".
       Task "ApplyImplicitVersions"
       Done executing task "ApplyImplicitVersions".
   1:5>Done building target "ApplyImplicitVersions" in project "AiReap.Infrastructure.csproj".
       Target "CheckForImplicitPackageReferenceOverrides" skipped. Previously built successfully.
       Target "AddWindowsSdkKnownFrameworkReferences" skipped, due to false condition; ('$(TargetFrameworkIdentifier)' == '.NETCoreApp' And '$(TargetPlatformIdentifier)' == 'Windows') was evaluated as ('.NETCoreApp' == '.NETCoreApp' And '' == 'Windows').
       Target "_NormalizeTargetPlatformVersion" skipped, due to false condition; ('$(TargetPlatformVersion)' != '' and '$(TargetFrameworkIdentifier)' == '.NETCoreApp' and $([MSBuild]::VersionGreaterThanOrEquals($(TargetFrameworkVersion), 5.0)) and ('$(Language)' != 'C++' or '$(_EnablePackageReferencesInVCProjects)' == 'true')) was evaluated as ('' != '' and '.NETCoreApp' == '.NETCoreApp' and True and ('C#' != 'C++' or '' == 'true')).
   1:5>Target "_CheckForLanguageAndFeatureCombinationSupport" in file "C:\Program Files\dotnet\sdk\8.0.425\Sdks\Microsoft.NET.Sdk\targets\Microsoft.NET.RuntimeIdentifierInference.targets" from project "D:\AI-REAP\src\AiReap.Infrastructure\AiReap.Infrastructure.csproj" (target "ProcessFrameworkReferences" depends on it):
       Task "NETSdkError" skipped, due to false condition; (('$(Language)' == 'C++' and '$(_EnablePackageReferencesInVCProjects)' != 'true') and $(OutputType) != 'library' and '$(TargetFrameworkIdentifier)' == '.NETCoreApp') was evaluated as (('C#' == 'C++' and '' != 'true') and Library != 'library' and '.NETCoreApp' == '.NETCoreApp').
       Task "NETSdkError" skipped, due to false condition; (('$(Language)' == 'C++' and '$(_EnablePackageReferencesInVCProjects)' != 'true') and $(EnableComHosting) == 'true') was evaluated as (('C#' == 'C++' and '' != 'true') and  == 'true').
       Task "NETSdkError" skipped, due to false condition; (('$(Language)' == 'C++' and '$(_EnablePackageReferencesInVCProjects)' != 'true') and $(SelfContained) == 'true') was evaluated as (('C#' == 'C++' and '' != 'true') and  == 'true').
   1:5>Done building target "_CheckForLanguageAndFeatureCombinationSupport" in project "AiReap.Infrastructure.csproj".
   1:5>Target "_ComputeToolPackInputsToProcessFrameworkReferences" in file "C:\Program Files\dotnet\sdk\8.0.425\Sdks\Microsoft.NET.Sdk\targets\Microsoft.NET.Publish.targets" from project "D:\AI-REAP\src\AiReap.Infrastructure\AiReap.Infrastructure.csproj" (target "ProcessFrameworkReferences" depends on it):
   1:5>Done building target "_ComputeToolPackInputsToProcessFrameworkReferences" in project "AiReap.Infrastructure.csproj".
   1:5>Target "ProcessFrameworkReferences" in file "C:\Program Files\dotnet\sdk\8.0.425\Sdks\Microsoft.NET.Sdk\targets\Microsoft.NET.Sdk.FrameworkReferenceResolution.targets" from project "D:\AI-REAP\src\AiReap.Infrastructure\AiReap.Infrastructure.csproj" (target "CollectPackageReferences" depends on it):
       Using "CheckForDuplicateFrameworkReferences" task from assembly "C:\Program Files\dotnet\sdk\8.0.425\Sdks\Microsoft.NET.Sdk\targets\..\tools\net8.0\Microsoft.NET.Build.Tasks.dll".
       Task "CheckForDuplicateFrameworkReferences"
       Done executing task "CheckForDuplicateFrameworkReferences".
       Using "ProcessFrameworkReferences" task from assembly "C:\Program Files\dotnet\sdk\8.0.425\Sdks\Microsoft.NET.Sdk\targets\..\tools\net8.0\Microsoft.NET.Build.Tasks.dll".
       Task "ProcessFrameworkReferences"
       Done executing task "ProcessFrameworkReferences".
       Using "ResolveAppHosts" task from assembly "C:\Program Files\dotnet\sdk\8.0.425\Sdks\Microsoft.NET.Sdk\targets\..\tools\net8.0\Microsoft.NET.Build.Tasks.dll".
       Task "ResolveAppHosts"
       Done executing task "ResolveAppHosts".
   1:5>Done building target "ProcessFrameworkReferences" in project "AiReap.Infrastructure.csproj".
       Target "IncludeTargetingPackReference" skipped, due to false condition; ('$(TargetFrameworkMoniker)' != '' and '$(TargetFrameworkIdentifier)' == '.NETFramework' and '$(AutomaticallyUseReferenceAssemblyPackages)' == 'true') was evaluated as ('.NETCoreApp,Version=v8.0' != '' and '.NETCoreApp' == '.NETFramework' and 'true' == 'true').
   1:5>Target "_AddMicrosoftNetCompilerToolsetFrameworkPackage" in file "C:\Program Files\dotnet\sdk\8.0.425\Sdks\Microsoft.NET.Sdk\targets\Microsoft.NET.Sdk.targets" from project "D:\AI-REAP\src\AiReap.Infrastructure\AiReap.Infrastructure.csproj" (target "CollectPackageReferences" depends on it):
       Task "NETSdkWarning" skipped, due to false condition; ('@(PackageReference->AnyHaveMetadataValue('Identity', 'Microsoft.Net.Compilers.Toolset.Framework'))' == 'true') was evaluated as ('false' == 'true').
   1:5>Done building target "_AddMicrosoftNetCompilerToolsetFrameworkPackage" in project "AiReap.Infrastructure.csproj".
   1:5>Target "_CheckForObsoleteDotNetCliToolReferences" in file "C:\Program Files\dotnet\sdk\8.0.425\Sdks\Microsoft.NET.Sdk\targets\Microsoft.NET.ObsoleteReferences.targets" from project "D:\AI-REAP\src\AiReap.Infrastructure\AiReap.Infrastructure.csproj" (target "CollectPackageReferences" depends on it):
       Task "NETSdkWarning" skipped, due to false condition; ( '%(_ReferenceToObsoleteDotNetCliTool.Identity)' != '' ) was evaluated as ( '' != '' ).
   1:5>Done building target "_CheckForObsoleteDotNetCliToolReferences" in project "AiReap.Infrastructure.csproj".
   1:5>Target "CollectPackageReferences" in file "C:\Program Files\dotnet\sdk\8.0.425\NuGet.targets" from project "D:\AI-REAP\src\AiReap.Infrastructure\AiReap.Infrastructure.csproj" (target "_GetRestoreProjectStyle" depends on it):
       Using "CheckForDuplicateNuGetItemsTask" task from assembly "C:\Program Files\dotnet\sdk\8.0.425\NuGet.Build.Tasks.dll".
       Task "CheckForDuplicateNuGetItemsTask"
       Done executing task "CheckForDuplicateNuGetItemsTask".
   1:5>Done building target "CollectPackageReferences" in project "AiReap.Infrastructure.csproj".
   1:5>Target "_GetRestoreProjectStyle" in file "C:\Program Files\dotnet\sdk\8.0.425\NuGet.targets" from project "D:\AI-REAP\src\AiReap.Infrastructure\AiReap.Infrastructure.csproj" (target "_GenerateRestoreSpecs" depends on it):
       Using "GetRestoreProjectStyleTask" task from assembly "C:\Program Files\dotnet\sdk\8.0.425\NuGet.Build.Tasks.dll".
       Task "GetRestoreProjectStyleTask"
       Done executing task "GetRestoreProjectStyleTask".
   1:5>Done building target "_GetRestoreProjectStyle" in project "AiReap.Infrastructure.csproj".
   1:5>Target "_GenerateRestoreSpecs" in file "C:\Program Files\dotnet\sdk\8.0.425\NuGet.targets" from project "D:\AI-REAP\src\AiReap.Infrastructure\AiReap.Infrastructure.csproj" (target "_GenerateRestoreGraphProjectEntry" depends on it):
       Task "Message"
         Restore entry point D:\AI-REAP\src\AiReap.Infrastructure\AiReap.Infrastructure.csproj
       Done executing task "Message".
   1:5>Done building target "_GenerateRestoreSpecs" in project "AiReap.Infrastructure.csproj".
   1:5>Target "_GetRestoreSettingsOverrides" in file "C:\Program Files\dotnet\sdk\8.0.425\NuGet.targets" from project "D:\AI-REAP\src\AiReap.Infrastructure\AiReap.Infrastructure.csproj" (target "_GetRestoreSettings" depends on it):
       Task "MSBuild" skipped, due to false condition; ( '$(RestorePackagesPath)' != '' ) was evaluated as ( '' != '' ).
       Task "MSBuild" skipped, due to false condition; ( '$(RestoreRepositoryPathOverride)' != '' ) was evaluated as ( '' != '' ).
       Task "MSBuild" skipped, due to false condition; ( '$(RestoreSources)' != '' ) was evaluated as ( '' != '' ).
       Task "MSBuild" skipped, due to false condition; ( '$(RestoreFallbackFolders)' != '' ) was evaluated as ( '' != '' ).
   1:5>Done building target "_GetRestoreSettingsOverrides" in project "AiReap.Infrastructure.csproj".
   1:5>Target "_GetRestoreSettingsPerFramework" in file "C:\Program Files\dotnet\sdk\8.0.425\NuGet.targets" from project "D:\AI-REAP\src\AiReap.Infrastructure\AiReap.Infrastructure.csproj" (target "_GetRestoreSettingsCurrentProject" depends on it):
   1:5>Done building target "_GetRestoreSettingsPerFramework" in project "AiReap.Infrastructure.csproj".
   1:5>Target "_GetRestoreSettingsCurrentProject" in file "C:\Program Files\dotnet\sdk\8.0.425\NuGet.targets" from project "D:\AI-REAP\src\AiReap.Infrastructure\AiReap.Infrastructure.csproj" (target "_GetRestoreSettings" depends on it):
   1:5>Done building target "_GetRestoreSettingsCurrentProject" in project "AiReap.Infrastructure.csproj".
       Target "_GetRestoreSettingsAllFrameworks" skipped, due to false condition; ( '$(TargetFrameworks)' != '' AND '$(PackageReferenceCompatibleProjectStyle)' == 'true' ) was evaluated as ( '' != '' AND 'True' == 'true' ).
   1:5>Target "_GetRestoreSettings" in file "C:\Program Files\dotnet\sdk\8.0.425\NuGet.targets" from project "D:\AI-REAP\src\AiReap.Infrastructure\AiReap.Infrastructure.csproj" (target "_GenerateDotnetCliToolReferenceSpecs" depends on it):
       Using "GetRestoreSettingsTask" task from assembly "C:\Program Files\dotnet\sdk\8.0.425\NuGet.Build.Tasks.dll".
       Task "GetRestoreSettingsTask"
       Done executing task "GetRestoreSettingsTask".
   1:5>Done building target "_GetRestoreSettings" in project "AiReap.Infrastructure.csproj".
   1:5>Target "_GenerateDotnetCliToolReferenceSpecs" in file "C:\Program Files\dotnet\sdk\8.0.425\NuGet.targets" from project "D:\AI-REAP\src\AiReap.Infrastructure\AiReap.Infrastructure.csproj" (target "_GenerateRestoreGraphProjectEntry" depends on it):
       Using "GetRestoreDotnetCliToolsTask" task from assembly "C:\Program Files\dotnet\sdk\8.0.425\NuGet.Build.Tasks.dll".
       Task "GetRestoreDotnetCliToolsTask"
       Done executing task "GetRestoreDotnetCliToolsTask".
   1:5>Done building target "_GenerateDotnetCliToolReferenceSpecs" in project "AiReap.Infrastructure.csproj".
   1:5>Target "_GenerateRestoreGraphProjectEntry" in file "C:\Program Files\dotnet\sdk\8.0.425\NuGet.targets" from project "D:\AI-REAP\src\AiReap.Infrastructure\AiReap.Infrastructure.csproj" (entry point):
   1:5>Done building target "_GenerateRestoreGraphProjectEntry" in project "AiReap.Infrastructure.csproj".
   1:5>Done Building Project "D:\AI-REAP\src\AiReap.Infrastructure\AiReap.Infrastructure.csproj" (_GenerateRestoreGraphProjectEntry target(s)).
     1>Done executing task "MSBuild".
       Task "MSBuild"
         Global Properties:
           ExcludeRestorePackageImports=true
     1>Project "D:\AI-REAP\src\AiReap.Infrastructure\AiReap.Infrastructure.csproj" (1) is building "D:\AI-REAP\src\AiReap.Domain\AiReap.Domain.csproj" (2:5) on node 1 (_GenerateProjectRestoreGraph target(s)).
   2:5>Target "_GetRestoreProjectStyle" skipped. Previously built successfully.
       Target "_GetRestoreProjectStyle" skipped. Previously built successfully.
       Target "_GetRestoreProjectStyle" skipped. Previously built successfully.
   2:5>Target "_GetRestoreTargetFrameworkOverride" in file "C:\Program Files\dotnet\sdk\8.0.425\NuGet.targets" from project "D:\AI-REAP\src\AiReap.Domain\AiReap.Domain.csproj" (target "_GetRestoreTargetFrameworksOutput" depends on it):
       Task "GetGlobalPropertyValueTask" skipped, due to false condition; ( '$(TargetFrameworks)' != '' ) was evaluated as ( '' != '' ).
   2:5>Done building target "_GetRestoreTargetFrameworkOverride" in project "AiReap.Domain.csproj".
   2:5>Target "_GetRestoreTargetFrameworksOutput" in file "C:\Program Files\dotnet\sdk\8.0.425\NuGet.targets" from project "D:\AI-REAP\src\AiReap.Domain\AiReap.Domain.csproj" (target "_GenerateRestoreProjectSpec" depends on it):
       Using "GetProjectTargetFrameworksTask" task from assembly "C:\Program Files\dotnet\sdk\8.0.425\NuGet.Build.Tasks.dll".
       Task "GetProjectTargetFrameworksTask"
       Done executing task "GetProjectTargetFrameworksTask".
   2:5>Done building target "_GetRestoreTargetFrameworksOutput" in project "AiReap.Domain.csproj".
       Target "_GetRestoreSettings" skipped. Previously built successfully.
   2:5>Target "_GenerateRestoreProjectSpec" in file "C:\Program Files\dotnet\sdk\8.0.425\NuGet.targets" from project "D:\AI-REAP\src\AiReap.Domain\AiReap.Domain.csproj" (target "_GenerateProjectRestoreGraph" depends on it):
       Task "ConvertToAbsolutePath"
       Done executing task "ConvertToAbsolutePath".
   2:5>Done building target "_GenerateRestoreProjectSpec" in project "AiReap.Domain.csproj".
       Target "_GenerateProjectRestoreGraphAllFrameworks" skipped, due to false condition; ( '$(TargetFrameworks)' != '' ) was evaluated as ( '' != '' ).
       Target "_GetRestoreProjectStyle" skipped. Previously built successfully.
       Target "CollectPackageReferences" skipped. Previously built successfully.
   2:5>Target "CollectPackageDownloads" in file "C:\Program Files\dotnet\sdk\8.0.425\NuGet.targets" from project "D:\AI-REAP\src\AiReap.Domain\AiReap.Domain.csproj" (target "_CollectRestoreInputs" depends on it):
       Task "CheckForDuplicateNuGetItemsTask"
       Done executing task "CheckForDuplicateNuGetItemsTask".
   2:5>Done building target "CollectPackageDownloads" in project "AiReap.Domain.csproj".
   2:5>Target "CollectFrameworkReferences" in file "C:\Program Files\dotnet\sdk\8.0.425\NuGet.targets" from project "D:\AI-REAP\src\AiReap.Domain\AiReap.Domain.csproj" (target "_CollectRestoreInputs" depends on it):
   2:5>Done building target "CollectFrameworkReferences" in project "AiReap.Domain.csproj".
     1>Project "D:\AI-REAP\src\AiReap.Infrastructure\AiReap.Infrastructure.csproj" (1) is building "D:\AI-REAP\src\AiReap.Application\AiReap.Application.csproj" (3:4) on node 2 (_GenerateProjectRestoreGraph target(s)).
   3:4>Target "_GetRestoreProjectStyle" skipped. Previously built successfully.
   2:5>Target "CollectCentralPackageVersions" in file "C:\Program Files\dotnet\sdk\8.0.425\NuGet.targets" from project "D:\AI-REAP\src\AiReap.Domain\AiReap.Domain.csproj" (target "_CollectRestoreInputs" depends on it):
   2:5>Task "CheckForDuplicateNuGetItemsTask"
       Done executing task "CheckForDuplicateNuGetItemsTask".
   2:5>Done building target "CollectCentralPackageVersions" in project "AiReap.Domain.csproj".
   2:5>Target "CollectNuGetAuditSuppressions" in file "C:\Program Files\dotnet\sdk\8.0.425\NuGet.targets" from project "D:\AI-REAP\src\AiReap.Domain\AiReap.Domain.csproj" (target "_CollectRestoreInputs" depends on it):
       Task "CheckForDuplicateNuGetItemsTask"
       Done executing task "CheckForDuplicateNuGetItemsTask".
   2:5>Done building target "CollectNuGetAuditSuppressions" in project "AiReap.Domain.csproj".
   2:5>Target "_CollectRestoreInputs" in file "C:\Program Files\dotnet\sdk\8.0.425\NuGet.targets" from project "D:\AI-REAP\src\AiReap.Domain\AiReap.Domain.csproj" (target "_GenerateProjectRestoreGraphPerFramework" depends on it):
   2:5>Done building target "_CollectRestoreInputs" in project "AiReap.Domain.csproj".
       Target "PrepRestoreForStoreProjects" skipped, due to false condition; ('$(StorePackageName)' != '') was evaluated as ('' != '').
   2:5>Target "_GenerateProjectRestoreGraphPerFramework" in file "C:\Program Files\dotnet\sdk\8.0.425\NuGet.targets" from project "D:\AI-REAP\src\AiReap.Domain\AiReap.Domain.csproj" (target "_GenerateProjectRestoreGraphCurrentProject" depends on it):
       Using "GetRestoreProjectReferencesTask" task from assembly "C:\Program Files\dotnet\sdk\8.0.425\NuGet.Build.Tasks.dll".
       Task "GetRestoreProjectReferencesTask"
       Done executing task "GetRestoreProjectReferencesTask".
       Using "GetRestorePackageReferencesTask" task from assembly "C:\Program Files\dotnet\sdk\8.0.425\NuGet.Build.Tasks.dll".
       Task "GetRestorePackageReferencesTask"
   3:4>Target "_GetRestoreProjectStyle" skipped. Previously built successfully.
   2:5>Done executing task "GetRestorePackageReferencesTask".
       Task "GetCentralPackageVersionsTask" skipped, due to false condition; ( '$(PackageReferenceCompatibleProjectStyle)' == 'true' AND '$(_CentralPackageVersionsEnabled)' == 'true' ) was evaluated as ( 'True' == 'true' AND '' == 'true' ).
       Using "GetRestorePackageDownloadsTask" task from assembly "C:\Program Files\dotnet\sdk\8.0.425\NuGet.Build.Tasks.dll".
       Task "GetRestorePackageDownloadsTask"
       Done executing task "GetRestorePackageDownloadsTask".
       Using "GetRestoreFrameworkReferencesTask" task from assembly "C:\Program Files\dotnet\sdk\8.0.425\NuGet.Build.Tasks.dll".
       Task "GetRestoreFrameworkReferencesTask"
       Done executing task "GetRestoreFrameworkReferencesTask".
       Using "GetRestoreNuGetAuditSuppressionsTask" task from assembly "C:\Program Files\dotnet\sdk\8.0.425\NuGet.Build.Tasks.dll".
       Task "GetRestoreNuGetAuditSuppressionsTask"
       Done executing task "GetRestoreNuGetAuditSuppressionsTask".
   2:5>Done building target "_GenerateProjectRestoreGraphPerFramework" in project "AiReap.Domain.csproj".
   2:5>Target "_GenerateProjectRestoreGraphCurrentProject" in file "C:\Program Files\dotnet\sdk\8.0.425\NuGet.targets" from project "D:\AI-REAP\src\AiReap.Domain\AiReap.Domain.csproj" (target "_GenerateRestoreDependencies" depends on it):
   2:5>Done building target "_GenerateProjectRestoreGraphCurrentProject" in project "AiReap.Domain.csproj".
   2:5>Target "_GenerateRestoreDependencies" in file "C:\Program Files\dotnet\sdk\8.0.425\NuGet.targets" from project "D:\AI-REAP\src\AiReap.Domain\AiReap.Domain.csproj" (target "_GenerateProjectRestoreGraph" depends on it):
   2:5>Done building target "_GenerateRestoreDependencies" in project "AiReap.Domain.csproj".
   2:5>Target "_GenerateProjectRestoreGraph" in file "C:\Program Files\dotnet\sdk\8.0.425\NuGet.targets" from project "D:\AI-REAP\src\AiReap.Domain\AiReap.Domain.csproj" (entry point):
   2:5>Done building target "_GenerateProjectRestoreGraph" in project "AiReap.Domain.csproj".
   2:5>Done Building Project "D:\AI-REAP\src\AiReap.Domain\AiReap.Domain.csproj" (_GenerateProjectRestoreGraph target(s)).
   3:4>Target "_GetRestoreProjectStyle" skipped. Previously built successfully.
   3:4>Target "_GetRestoreTargetFrameworkOverride" in file "C:\Program Files\dotnet\sdk\8.0.425\NuGet.targets" from project "D:\AI-REAP\src\AiReap.Application\AiReap.Application.csproj" (target "_GetRestoreTargetFrameworksOutput" depends on it):
       Task "GetGlobalPropertyValueTask" skipped, due to false condition; ( '$(TargetFrameworks)' != '' ) was evaluated as ( '' != '' ).
   3:4>Done building target "_GetRestoreTargetFrameworkOverride" in project "AiReap.Application.csproj".
     1>Project "D:\AI-REAP\src\AiReap.Infrastructure\AiReap.Infrastructure.csproj" (1) is building "D:\AI-REAP\src\AiReap.Infrastructure\AiReap.Infrastructure.csproj" (1:6) on node 1 (_GenerateProjectRestoreGraph target(s)).
   1:6>Target "_GetRestoreProjectStyle" skipped. Previously built successfully.
       Target "_GetRestoreProjectStyle" skipped. Previously built successfully.
       Target "_GetRestoreProjectStyle" skipped. Previously built successfully.
   1:6>Target "_GetRestoreTargetFrameworkOverride" in file "C:\Program Files\dotnet\sdk\8.0.425\NuGet.targets" from project "D:\AI-REAP\src\AiReap.Infrastructure\AiReap.Infrastructure.csproj" (target "_GetRestoreTargetFrameworksOutput" depends on it):
       Task "GetGlobalPropertyValueTask" skipped, due to false condition; ( '$(TargetFrameworks)' != '' ) was evaluated as ( '' != '' ).
   1:6>Done building target "_GetRestoreTargetFrameworkOverride" in project "AiReap.Infrastructure.csproj".
   1:6>Target "_GetRestoreTargetFrameworksOutput" in file "C:\Program Files\dotnet\sdk\8.0.425\NuGet.targets" from project "D:\AI-REAP\src\AiReap.Infrastructure\AiReap.Infrastructure.csproj" (target "_GenerateRestoreProjectSpec" depends on it):
       Using "GetProjectTargetFrameworksTask" task from assembly "C:\Program Files\dotnet\sdk\8.0.425\NuGet.Build.Tasks.dll".
       Task "GetProjectTargetFrameworksTask"
       Done executing task "GetProjectTargetFrameworksTask".
   1:6>Done building target "_GetRestoreTargetFrameworksOutput" in project "AiReap.Infrastructure.csproj".
       Target "_GetRestoreSettings" skipped. Previously built successfully.
   1:6>Target "_GenerateRestoreProjectSpec" in file "C:\Program Files\dotnet\sdk\8.0.425\NuGet.targets" from project "D:\AI-REAP\src\AiReap.Infrastructure\AiReap.Infrastructure.csproj" (target "_GenerateProjectRestoreGraph" depends on it):
       Task "ConvertToAbsolutePath"
       Done executing task "ConvertToAbsolutePath".
   3:4>Target "_GetRestoreTargetFrameworksOutput" in file "C:\Program Files\dotnet\sdk\8.0.425\NuGet.targets" from project "D:\AI-REAP\src\AiReap.Application\AiReap.Application.csproj" (target "_GenerateRestoreProjectSpec" depends on it):
   3:4>Using "GetProjectTargetFrameworksTask" task from assembly "C:\Program Files\dotnet\sdk\8.0.425\NuGet.Build.Tasks.dll".
   1:6>Done building target "_GenerateRestoreProjectSpec" in project "AiReap.Infrastructure.csproj".
       Target "_GenerateProjectRestoreGraphAllFrameworks" skipped, due to false condition; ( '$(TargetFrameworks)' != '' ) was evaluated as ( '' != '' ).
       Target "_GetRestoreProjectStyle" skipped. Previously built successfully.
       Target "CollectPackageReferences" skipped. Previously built successfully.
   1:6>Target "CollectPackageDownloads" in file "C:\Program Files\dotnet\sdk\8.0.425\NuGet.targets" from project "D:\AI-REAP\src\AiReap.Infrastructure\AiReap.Infrastructure.csproj" (target "_CollectRestoreInputs" depends on it):
       Task "CheckForDuplicateNuGetItemsTask"
       Done executing task "CheckForDuplicateNuGetItemsTask".
   1:6>Done building target "CollectPackageDownloads" in project "AiReap.Infrastructure.csproj".
   1:6>Target "CollectFrameworkReferences" in file "C:\Program Files\dotnet\sdk\8.0.425\NuGet.targets" from project "D:\AI-REAP\src\AiReap.Infrastructure\AiReap.Infrastructure.csproj" (target "_CollectRestoreInputs" depends on it):
   1:6>Done building target "CollectFrameworkReferences" in project "AiReap.Infrastructure.csproj".
   1:6>Target "CollectCentralPackageVersions" in file "C:\Program Files\dotnet\sdk\8.0.425\NuGet.targets" from project "D:\AI-REAP\src\AiReap.Infrastructure\AiReap.Infrastructure.csproj" (target "_CollectRestoreInputs" depends on it):
       Task "CheckForDuplicateNuGetItemsTask"
       Done executing task "CheckForDuplicateNuGetItemsTask".
   1:6>Done building target "CollectCentralPackageVersions" in project "AiReap.Infrastructure.csproj".
   1:6>Target "CollectNuGetAuditSuppressions" in file "C:\Program Files\dotnet\sdk\8.0.425\NuGet.targets" from project "D:\AI-REAP\src\AiReap.Infrastructure\AiReap.Infrastructure.csproj" (target "_CollectRestoreInputs" depends on it):
       Task "CheckForDuplicateNuGetItemsTask"
   3:4>Task "GetProjectTargetFrameworksTask"
   1:6>Done executing task "CheckForDuplicateNuGetItemsTask".
   1:6>Done building target "CollectNuGetAuditSuppressions" in project "AiReap.Infrastructure.csproj".
   1:6>Target "_CollectRestoreInputs" in file "C:\Program Files\dotnet\sdk\8.0.425\NuGet.targets" from project "D:\AI-REAP\src\AiReap.Infrastructure\AiReap.Infrastructure.csproj" (target "_GenerateProjectRestoreGraphPerFramework" depends on it):
   1:6>Done building target "_CollectRestoreInputs" in project "AiReap.Infrastructure.csproj".
       Target "PrepRestoreForStoreProjects" skipped, due to false condition; ('$(StorePackageName)' != '') was evaluated as ('' != '').
   1:6>Target "_GenerateProjectRestoreGraphPerFramework" in file "C:\Program Files\dotnet\sdk\8.0.425\NuGet.targets" from project "D:\AI-REAP\src\AiReap.Infrastructure\AiReap.Infrastructure.csproj" (target "_GenerateProjectRestoreGraphCurrentProject" depends on it):
       Using "GetRestoreProjectReferencesTask" task from assembly "C:\Program Files\dotnet\sdk\8.0.425\NuGet.Build.Tasks.dll".
       Task "GetRestoreProjectReferencesTask"
   3:4>Done executing task "GetProjectTargetFrameworksTask".
   3:4>Done building target "_GetRestoreTargetFrameworksOutput" in project "AiReap.Application.csproj".
   1:6>Done executing task "GetRestoreProjectReferencesTask".
   3:4>Target "_GetRestoreSettings" skipped. Previously built successfully.
   1:6>_GenerateProjectRestoreGraphPerFramework:
       Using "GetRestorePackageReferencesTask" task from assembly "C:\Program Files\dotnet\sdk\8.0.425\NuGet.Build.Tasks.dll".
       Task "GetRestorePackageReferencesTask"
       Done executing task "GetRestorePackageReferencesTask".
   3:4>Target "_GenerateRestoreProjectSpec" in file "C:\Program Files\dotnet\sdk\8.0.425\NuGet.targets" from project "D:\AI-REAP\src\AiReap.Application\AiReap.Application.csproj" (target "_GenerateProjectRestoreGraph" depends on it):
   3:4>Task "ConvertToAbsolutePath"
   1:6>_GenerateProjectRestoreGraphPerFramework:
       Task "GetCentralPackageVersionsTask" skipped, due to false condition; ( '$(PackageReferenceCompatibleProjectStyle)' == 'true' AND '$(_CentralPackageVersionsEnabled)' == 'true' ) was evaluated as ( 'True' == 'true' AND '' == 'true' ).
       Using "GetRestorePackageDownloadsTask" task from assembly "C:\Program Files\dotnet\sdk\8.0.425\NuGet.Build.Tasks.dll".
       Task "GetRestorePackageDownloadsTask"
   3:4>Done executing task "ConvertToAbsolutePath".
   1:6>Done executing task "GetRestorePackageDownloadsTask".
       Using "GetRestoreFrameworkReferencesTask" task from assembly "C:\Program Files\dotnet\sdk\8.0.425\NuGet.Build.Tasks.dll".
       Task "GetRestoreFrameworkReferencesTask"
       Done executing task "GetRestoreFrameworkReferencesTask".
       Using "GetRestoreNuGetAuditSuppressionsTask" task from assembly "C:\Program Files\dotnet\sdk\8.0.425\NuGet.Build.Tasks.dll".
       Task "GetRestoreNuGetAuditSuppressionsTask"
   3:4>Done building target "_GenerateRestoreProjectSpec" in project "AiReap.Application.csproj".
   1:6>Done executing task "GetRestoreNuGetAuditSuppressionsTask".
   1:6>Done building target "_GenerateProjectRestoreGraphPerFramework" in project "AiReap.Infrastructure.csproj".
   1:6>Target "_GenerateProjectRestoreGraphCurrentProject" in file "C:\Program Files\dotnet\sdk\8.0.425\NuGet.targets" from project "D:\AI-REAP\src\AiReap.Infrastructure\AiReap.Infrastructure.csproj" (target "_GenerateRestoreDependencies" depends on it):
   1:6>Done building target "_GenerateProjectRestoreGraphCurrentProject" in project "AiReap.Infrastructure.csproj".
   1:6>Target "_GenerateRestoreDependencies" in file "C:\Program Files\dotnet\sdk\8.0.425\NuGet.targets" from project "D:\AI-REAP\src\AiReap.Infrastructure\AiReap.Infrastructure.csproj" (target "_GenerateProjectRestoreGraph" depends on it):
   1:6>Done building target "_GenerateRestoreDependencies" in project "AiReap.Infrastructure.csproj".
   1:6>Target "_GenerateProjectRestoreGraph" in file "C:\Program Files\dotnet\sdk\8.0.425\NuGet.targets" from project "D:\AI-REAP\src\AiReap.Infrastructure\AiReap.Infrastructure.csproj" (entry point):
   1:6>Done building target "_GenerateProjectRestoreGraph" in project "AiReap.Infrastructure.csproj".
   1:6>Done Building Project "D:\AI-REAP\src\AiReap.Infrastructure\AiReap.Infrastructure.csproj" (_GenerateProjectRestoreGraph target(s)).
   3:4>Target "_GenerateProjectRestoreGraphAllFrameworks" skipped, due to false condition; ( '$(TargetFrameworks)' != '' ) was evaluated as ( '' != '' ).
       Target "_GetRestoreProjectStyle" skipped. Previously built successfully.
       Target "CollectPackageReferences" skipped. Previously built successfully.
   3:4>Target "CollectPackageDownloads" in file "C:\Program Files\dotnet\sdk\8.0.425\NuGet.targets" from project "D:\AI-REAP\src\AiReap.Application\AiReap.Application.csproj" (target "_CollectRestoreInputs" depends on it):
       Task "CheckForDuplicateNuGetItemsTask"
       Done executing task "CheckForDuplicateNuGetItemsTask".
   3:4>Done building target "CollectPackageDownloads" in project "AiReap.Application.csproj".
   3:4>Target "CollectFrameworkReferences" in file "C:\Program Files\dotnet\sdk\8.0.425\NuGet.targets" from project "D:\AI-REAP\src\AiReap.Application\AiReap.Application.csproj" (target "_CollectRestoreInputs" depends on it):
   3:4>Done building target "CollectFrameworkReferences" in project "AiReap.Application.csproj".
   3:4>Target "CollectCentralPackageVersions" in file "C:\Program Files\dotnet\sdk\8.0.425\NuGet.targets" from project "D:\AI-REAP\src\AiReap.Application\AiReap.Application.csproj" (target "_CollectRestoreInputs" depends on it):
       Task "CheckForDuplicateNuGetItemsTask"
       Done executing task "CheckForDuplicateNuGetItemsTask".
   3:4>Done building target "CollectCentralPackageVersions" in project "AiReap.Application.csproj".
   3:4>Target "CollectNuGetAuditSuppressions" in file "C:\Program Files\dotnet\sdk\8.0.425\NuGet.targets" from project "D:\AI-REAP\src\AiReap.Application\AiReap.Application.csproj" (target "_CollectRestoreInputs" depends on it):
       Task "CheckForDuplicateNuGetItemsTask"
       Done executing task "CheckForDuplicateNuGetItemsTask".
   3:4>Done building target "CollectNuGetAuditSuppressions" in project "AiReap.Application.csproj".
   3:4>Target "_CollectRestoreInputs" in file "C:\Program Files\dotnet\sdk\8.0.425\NuGet.targets" from project "D:\AI-REAP\src\AiReap.Application\AiReap.Application.csproj" (target "_GenerateProjectRestoreGraphPerFramework" depends on it):
   3:4>Done building target "_CollectRestoreInputs" in project "AiReap.Application.csproj".
       Target "PrepRestoreForStoreProjects" skipped, due to false condition; ('$(StorePackageName)' != '') was evaluated as ('' != '').
   3:4>Target "_GenerateProjectRestoreGraphPerFramework" in file "C:\Program Files\dotnet\sdk\8.0.425\NuGet.targets" from project "D:\AI-REAP\src\AiReap.Application\AiReap.Application.csproj" (target "_GenerateProjectRestoreGraphCurrentProject" depends on it):
       Using "GetRestoreProjectReferencesTask" task from assembly "C:\Program Files\dotnet\sdk\8.0.425\NuGet.Build.Tasks.dll".
       Task "GetRestoreProjectReferencesTask"
       Done executing task "GetRestoreProjectReferencesTask".
       Using "GetRestorePackageReferencesTask" task from assembly "C:\Program Files\dotnet\sdk\8.0.425\NuGet.Build.Tasks.dll".
       Task "GetRestorePackageReferencesTask"
       Done executing task "GetRestorePackageReferencesTask".
       Task "GetCentralPackageVersionsTask" skipped, due to false condition; ( '$(PackageReferenceCompatibleProjectStyle)' == 'true' AND '$(_CentralPackageVersionsEnabled)' == 'true' ) was evaluated as ( 'True' == 'true' AND '' == 'true' ).
       Using "GetRestorePackageDownloadsTask" task from assembly "C:\Program Files\dotnet\sdk\8.0.425\NuGet.Build.Tasks.dll".
       Task "GetRestorePackageDownloadsTask"
       Done executing task "GetRestorePackageDownloadsTask".
       Using "GetRestoreFrameworkReferencesTask" task from assembly "C:\Program Files\dotnet\sdk\8.0.425\NuGet.Build.Tasks.dll".
       Task "GetRestoreFrameworkReferencesTask"
       Done executing task "GetRestoreFrameworkReferencesTask".
       Using "GetRestoreNuGetAuditSuppressionsTask" task from assembly "C:\Program Files\dotnet\sdk\8.0.425\NuGet.Build.Tasks.dll".
       Task "GetRestoreNuGetAuditSuppressionsTask"
       Done executing task "GetRestoreNuGetAuditSuppressionsTask".
   3:4>Done building target "_GenerateProjectRestoreGraphPerFramework" in project "AiReap.Application.csproj".
   3:4>Target "_GenerateProjectRestoreGraphCurrentProject" in file "C:\Program Files\dotnet\sdk\8.0.425\NuGet.targets" from project "D:\AI-REAP\src\AiReap.Application\AiReap.Application.csproj" (target "_GenerateRestoreDependencies" depends on it):
   3:4>Done building target "_GenerateProjectRestoreGraphCurrentProject" in project "AiReap.Application.csproj".
   3:4>Target "_GenerateRestoreDependencies" in file "C:\Program Files\dotnet\sdk\8.0.425\NuGet.targets" from project "D:\AI-REAP\src\AiReap.Application\AiReap.Application.csproj" (target "_GenerateProjectRestoreGraph" depends on it):
   3:4>Done building target "_GenerateRestoreDependencies" in project "AiReap.Application.csproj".
   3:4>Target "_GenerateProjectRestoreGraph" in file "C:\Program Files\dotnet\sdk\8.0.425\NuGet.targets" from project "D:\AI-REAP\src\AiReap.Application\AiReap.Application.csproj" (entry point):
   3:4>Done building target "_GenerateProjectRestoreGraph" in project "AiReap.Application.csproj".
   3:4>Done Building Project "D:\AI-REAP\src\AiReap.Application\AiReap.Application.csproj" (_GenerateProjectRestoreGraph target(s)).
     1>Done executing task "MSBuild".
     1>Done building target "_GenerateRestoreGraph" in project "AiReap.Infrastructure.csproj".
       Target "_CheckForUnsupportedTargetFramework" skipped, due to false condition; ('$(_UnsupportedTargetFrameworkError)' == 'true') was evaluated as ('' == 'true').
     1>Target "_CollectTargetFrameworkForTelemetry" in file "C:\Program Files\dotnet\sdk\8.0.425\Sdks\Microsoft.NET.Sdk\targets\Microsoft.NET.TargetFrameworkInference.targets" from project "D:\AI-REAP\src\AiReap.Infrastructure\AiReap.Infrastructure.csproj" (target "Restore" depends on it):
       Using "AllowEmptyTelemetry" task from assembly "C:\Program Files\dotnet\sdk\8.0.425\Sdks\Microsoft.NET.Sdk\targets\..\tools\net8.0\Microsoft.NET.Build.Tasks.dll".
       Task "AllowEmptyTelemetry"
       Done executing task "AllowEmptyTelemetry".
     1>Done building target "_CollectTargetFrameworkForTelemetry" in project "AiReap.Infrastructure.csproj".
     1>Target "_CheckForUnsupportedNETCoreVersion" in file "C:\Program Files\dotnet\sdk\8.0.425\Sdks\Microsoft.NET.Sdk\targets\Microsoft.NET.TargetFrameworkInference.targets" from project "D:\AI-REAP\src\AiReap.Infrastructure\AiReap.Infrastructure.csproj" (target "Restore" depends on it):
       Task "NETSdkError" skipped, due to false condition; ('$(_TargetFrameworkVersionWithoutV)' > '$(NETCoreAppMaximumVersion)' and '$(DisplayVSMessage)' != 'true') was evaluated as ('8.0' > '8.0' and '' != 'true').
       Task "NETSdkError" skipped, due to false condition; ('$(DisplayVSMessage)' == 'true') was evaluated as ('' == 'true').
     1>Done building target "_CheckForUnsupportedNETCoreVersion" in project "AiReap.Infrastructure.csproj".
       Target "_CheckForEolTargetFrameworks" skipped, due to false condition; ('@(_EolNetCoreTargetFrameworkVersions->AnyHaveMetadataValue('Identity', '$(_TargetFrameworkVersionWithoutV)'))' and '$(TargetFrameworkIdentifier)' == '.NETCoreApp' and '$(CheckEolTargetFramework)' == 'true') was evaluated as ('false' and '.NETCoreApp' == '.NETCoreApp' and '' == 'true').
       Target "_CheckForEolWorkloads" skipped, due to false condition; ('@(EolWorkload)' != '' and '$(CheckEolWorkloads)' == 'true') was evaluated as ('' != '' and 'true' == 'true').
     1>Target "_CheckForUnsupportedCppNETCoreVersion" in file "C:\Program Files\dotnet\sdk\8.0.425\Sdks\Microsoft.NET.Sdk\targets\Microsoft.NET.TargetFrameworkInference.targets" from project "D:\AI-REAP\src\AiReap.Infrastructure\AiReap.Infrastructure.csproj" (target "Restore" depends on it):
       Task "NETSdkError" skipped, due to false condition; ('$(TargetFrameworkIdentifier)' == '.NETCoreApp' and '$(_TargetFrameworkVersionWithoutV)' < '3.1' and ('$(Language)' == 'C++' and '$(_EnablePackageReferencesInVCProjects)' != 'true')) was evaluated as ('.NETCoreApp' == '.NETCoreApp' and '8.0' < '3.1' and ('C#' == 'C++' and '' != 'true')).
     1>Done building target "_CheckForUnsupportedCppNETCoreVersion" in project "AiReap.Infrastructure.csproj".
       Target "_CheckForUnsupportedNETStandardVersion" skipped, due to false condition; ('$(TargetFrameworkIdentifier)' == '.NETStandard' And '$(NETStandardMaximumVersion)' != '') was evaluated as ('.NETCoreApp' == '.NETStandard' And '' != '').
       Target "_CheckForUnsupportedTargetFrameworkAndFeatureCombination" skipped, due to false condition; ('$(TargetFrameworkIdentifier)' == '.NETFramework') was evaluated as ('.NETCoreApp' == '.NETFramework').
     1>Target "Restore" in file "C:\Program Files\dotnet\sdk\8.0.425\NuGet.targets" from project "D:\AI-REAP\src\AiReap.Infrastructure\AiReap.Infrastructure.csproj" (entry point):
       Task "RemoveDuplicates"
       Done executing task "RemoveDuplicates".
       Using "RestoreTask" task from assembly "C:\Program Files\dotnet\sdk\8.0.425\NuGet.Build.Tasks.dll".
       Task "RestoreTask"
         Assembly loaded during TaskRun (NuGet.Build.Tasks.RestoreTask): NuGet.Packaging, Version=6.11.2.1, Culture=neutral, PublicKeyToken=31bf3856ad364e35 (location: C:\Program Files\dotnet\sdk\8.0.425\NuGet.Packaging.dll, MVID: c1c2e436-5cb7-4b71-9a19-279d9f55a209, AssemblyLoadContext: MSBuild plugin C:\Program Files\dotnet\sdk\8.0.425\NuGet.Build.Tasks.dll)
         Assembly loaded during TaskRun (NuGet.Build.Tasks.RestoreTask): NuGet.LibraryModel, Version=6.11.2.1, Culture=neutral, PublicKeyToken=31bf3856ad364e35 (location: C:\Program Files\dotnet\sdk\8.0.425\NuGet.LibraryModel.dll, MVID: b61750c2-23dd-40f0-a7db-489b6da04dbd, AssemblyLoadContext: MSBuild plugin C:\Program Files\dotnet\sdk\8.0.425\NuGet.Build.Tasks.dll)
         Assembly loaded during TaskRun (NuGet.Build.Tasks.RestoreTask): NuGet.Versioning, Version=6.11.2.1, Culture=neutral, PublicKeyToken=31bf3856ad364e35 (location: C:\Program Files\dotnet\sdk\8.0.425\NuGet.Versioning.dll, MVID: a3e0c61b-90af-4847-b8b3-eec0a9682cea, AssemblyLoadContext: MSBuild plugin C:\Program Files\dotnet\sdk\8.0.425\NuGet.Build.Tasks.dll)
         Assembly loaded during TaskRun (NuGet.Build.Tasks.RestoreTask): System.ObjectModel, Version=8.0.0.0, Culture=neutral, PublicKeyToken=b03f5f7f11d50a3a (location: C:\Program Files\dotnet\shared\Microsoft.NETCore.App\8.0.31\System.ObjectModel.dll, MVID: 6f85343f-1184-4fdf-981e-3b4cf58e6008, AssemblyLoadContext: Default)
         Assembly loaded during TaskRun (NuGet.Build.Tasks.RestoreTask): NuGet.Frameworks, Version=6.11.2.1, Culture=neutral, PublicKeyToken=31bf3856ad364e35 (location: C:\Program Files\dotnet\sdk\8.0.425\NuGet.Frameworks.dll, MVID: 69f2c13d-a9f1-4a43-bb62-e18b47d48034, AssemblyLoadContext: MSBuild plugin C:\Program Files\dotnet\sdk\8.0.425\NuGet.Build.Tasks.dll)
         Assembly loaded during TaskRun (NuGet.Build.Tasks.RestoreTask): NuGet.Protocol, Version=6.11.2.1, Culture=neutral, PublicKeyToken=31bf3856ad364e35 (location: C:\Program Files\dotnet\sdk\8.0.425\NuGet.Protocol.dll, MVID: 7ab2a1a1-97bf-4bb9-8ac6-3e842f70ba74, AssemblyLoadContext: MSBuild plugin C:\Program Files\dotnet\sdk\8.0.425\NuGet.Build.Tasks.dll)
         Assembly loaded during TaskRun (NuGet.Build.Tasks.RestoreTask): NuGet.Credentials, Version=6.11.2.1, Culture=neutral, PublicKeyToken=31bf3856ad364e35 (location: C:\Program Files\dotnet\sdk\8.0.425\NuGet.Credentials.dll, MVID: 22865729-b8d2-401b-a922-f72c7c9eaf02, AssemblyLoadContext: MSBuild plugin C:\Program Files\dotnet\sdk\8.0.425\NuGet.Build.Tasks.dll)
         Assembly loaded during TaskRun (NuGet.Build.Tasks.RestoreTask): System.Security.Cryptography.X509Certificates, Version=8.0.0.0, Culture=neutral, PublicKeyToken=b03f5f7f11d50a3a (location: C:\Program Files\dotnet\shared\Microsoft.NETCore.App\8.0.31\System.Security.Cryptography.X509Certificates.dll, MVID: ff2c4a59-3899-4540-b466-4de581312265, AssemblyLoadContext: Default)
         X.509 certificate chain validation will use the default trust store selected by .NET for code signing.
         X.509 certificate chain validation will use the default trust store selected by .NET for timestamping.
         Assembly loaded during TaskRun (NuGet.Build.Tasks.RestoreTask): NuGet.DependencyResolver.Core, Version=6.11.2.1, Culture=neutral, PublicKeyToken=31bf3856ad364e35 (location: C:\Program Files\dotnet\sdk\8.0.425\NuGet.DependencyResolver.Core.dll, MVID: 8e97e7f0-b382-4610-bfd4-56ee4fd899c9, AssemblyLoadContext: MSBuild plugin C:\Program Files\dotnet\sdk\8.0.425\NuGet.Build.Tasks.dll)
         Running restore with 4 concurrent jobs.
         Reading project file D:\AI-REAP\src\AiReap.Application\AiReap.Application.csproj.
         Reading project file D:\AI-REAP\src\AiReap.Infrastructure\AiReap.Infrastructure.csproj.
         Reading project file D:\AI-REAP\src\AiReap.Domain\AiReap.Domain.csproj.
         Assembly loaded during TaskRun (NuGet.Build.Tasks.RestoreTask): System.IO.FileSystem, Version=8.0.0.0, Culture=neutral, PublicKeyToken=b03f5f7f11d50a3a (location: C:\Program Files\dotnet\shared\Microsoft.NETCore.App\8.0.31\System.IO.FileSystem.dll, MVID: 5bbad4db-1768-49fc-ae45-8518601395be, AssemblyLoadContext: Default)
         Assembly loaded during TaskRun (NuGet.Build.Tasks.RestoreTask): Newtonsoft.Json, Version=13.0.0.0, Culture=neutral, PublicKeyToken=30ad4fe6b2a6aeed (location: C:\Program Files\dotnet\sdk\8.0.425\Newtonsoft.Json.dll, MVID: 7e62198b-eab2-4380-bbac-29171862d1d8, AssemblyLoadContext: MSBuild plugin C:\Program Files\dotnet\sdk\8.0.425\NuGet.Build.Tasks.dll)
         Assembly loaded during TaskRun (NuGet.Build.Tasks.RestoreTask): System.Runtime.Serialization.Primitives, Version=8.0.0.0, Culture=neutral, PublicKeyToken=b03f5f7f11d50a3a (location: C:\Program Files\dotnet\shared\Microsoft.NETCore.App\8.0.31\System.Runtime.Serialization.Primitives.dll, MVID: 20c729c6-6853-4a62-a85d-2c39e446fc7b, AssemblyLoadContext: Default)
         Assembly loaded during TaskRun (NuGet.Build.Tasks.RestoreTask): System.Runtime.Numerics, Version=8.0.0.0, Culture=neutral, PublicKeyToken=b03f5f7f11d50a3a (location: C:\Program Files\dotnet\shared\Microsoft.NETCore.App\8.0.31\System.Runtime.Numerics.dll, MVID: db606523-d0fb-4929-b7ca-0a29819f01c9, AssemblyLoadContext: Default)
         Assembly loaded during TaskRun (NuGet.Build.Tasks.RestoreTask): System.Linq.Expressions, Version=8.0.0.0, Culture=neutral, PublicKeyToken=b03f5f7f11d50a3a (location: C:\Program Files\dotnet\shared\Microsoft.NETCore.App\8.0.31\System.Linq.Expressions.dll, MVID: 42d6460c-2b89-4c28-8fdf-7a40d4beddf7, AssemblyLoadContext: Default)
         Assembly loaded during TaskRun (NuGet.Build.Tasks.RestoreTask): System.ComponentModel.TypeConverter, Version=8.0.0.0, Culture=neutral, PublicKeyToken=b03f5f7f11d50a3a (location: C:\Program Files\dotnet\shared\Microsoft.NETCore.App\8.0.31\System.ComponentModel.TypeConverter.dll, MVID: 036a9c96-1562-4f4b-be7f-6b8809f51d95, AssemblyLoadContext: Default)
         The restore inputs for 'AiReap.Application' have changed. Continuing restore.
         The restore inputs for 'AiReap.Domain' have changed. Continuing restore.
         The restore inputs for 'AiReap.Infrastructure' have changed. Continuing restore.
         Restoring packages for D:\AI-REAP\src\AiReap.Infrastructure\AiReap.Infrastructure.csproj...
         Restoring packages for D:\AI-REAP\src\AiReap.Application\AiReap.Application.csproj...
         Restoring packages for D:\AI-REAP\src\AiReap.Domain\AiReap.Domain.csproj...
         Restoring packages for .NETCoreApp,Version=v8.0...
         Restoring packages for .NETCoreApp,Version=v8.0...
         Restoring packages for .NETCoreApp,Version=v8.0...
         Resolving conflicts for net8.0...
         All packages and projects are compatible with net8.0.
         Committing restore...
         Generating MSBuild file D:\AI-REAP\src\AiReap.Domain\obj\AiReap.Domain.csproj.nuget.g.props.
         Writing assets file to disk. Path: D:\AI-REAP\src\AiReap.Domain\obj\project.assets.json
         Writing cache file to disk. Path: D:\AI-REAP\src\AiReap.Domain\obj\project.nuget.cache
         Resolving conflicts for net8.0...
         Assembly loaded during TaskRun (NuGet.Build.Tasks.RestoreTask): System.Security.Cryptography.Algorithms, Version=8.0.0.0, Culture=neutral, PublicKeyToken=b03f5f7f11d50a3a (location: C:\Program Files\dotnet\shared\Microsoft.NETCore.App\8.0.31\System.Security.Cryptography.Algorithms.dll, MVID: 82ac3c6f-b6df-47ad-9422-7512d1b36fc1, AssemblyLoadContext: Default)
         Assembly loaded during TaskRun (NuGet.Build.Tasks.RestoreTask): System.Security.Cryptography.Primitives, Version=8.0.0.0, Culture=neutral, PublicKeyToken=b03f5f7f11d50a3a (location: C:\Program Files\dotnet\shared\Microsoft.NETCore.App\8.0.31\System.Security.Cryptography.Primitives.dll, MVID: 12c35ccc-f061-4538-86f0-d292cae3fd8b, AssemblyLoadContext: Default)
         Persisting dg to D:\AI-REAP\src\AiReap.Domain\obj\AiReap.Domain.csproj.nuget.dgspec.json
         Restored D:\AI-REAP\src\AiReap.Domain\AiReap.Domain.csproj (in 127 ms).
         Resolving conflicts for net8.0...
     1>D:\AI-REAP\src\AiReap.Infrastructure\AiReap.Infrastructure.csproj : warning NU1900: Error occurred while getting package vulnerability data: Unable to load the service index for source https://api.nuget.org/v3/index.json.
     1>D:\AI-REAP\src\AiReap.Application\AiReap.Application.csproj : warning NU1900: Error occurred while getting package vulnerability data: Unable to load the service index for source https://api.nuget.org/v3/index.json. [D:\AI-REAP\src\AiReap.Infrastructure\AiReap.Infrastructure.csproj]
         Assembly loaded during TaskRun (NuGet.Build.Tasks.RestoreTask): System.Runtime.Serialization.Formatters, Version=8.0.0.0, Culture=neutral, PublicKeyToken=b03f5f7f11d50a3a (location: C:\Program Files\dotnet\shared\Microsoft.NETCore.App\8.0.31\System.Runtime.Serialization.Formatters.dll, MVID: afd40cb1-2dbe-410c-a5b5-4de1ed5bce9b, AssemblyLoadContext: Default)
         Assembly loaded during TaskRun (NuGet.Build.Tasks.RestoreTask): System.Diagnostics.TraceSource, Version=8.0.0.0, Culture=neutral, PublicKeyToken=b03f5f7f11d50a3a (location: C:\Program Files\dotnet\shared\Microsoft.NETCore.App\8.0.31\System.Diagnostics.TraceSource.dll, MVID: f4bfcf01-05ee-420f-af7f-db0c7ada74be, AssemblyLoadContext: Default)
         Assembly loaded during TaskRun (NuGet.Build.Tasks.RestoreTask): System.Data.Common, Version=8.0.0.0, Culture=neutral, PublicKeyToken=b03f5f7f11d50a3a (location: C:\Program Files\dotnet\shared\Microsoft.NETCore.App\8.0.31\System.Data.Common.dll, MVID: 778242a2-83ea-4954-95fb-08ade67e6592, AssemblyLoadContext: Default)
         Assembly loaded during TaskRun (NuGet.Build.Tasks.RestoreTask): System.ComponentModel, Version=8.0.0.0, Culture=neutral, PublicKeyToken=b03f5f7f11d50a3a (location: C:\Program Files\dotnet\shared\Microsoft.NETCore.App\8.0.31\System.ComponentModel.dll, MVID: 5f2b7db1-71d0-426d-93e1-8612d4371552, AssemblyLoadContext: Default)
         All packages and projects are compatible with net8.0.
         Committing restore...
         Generating MSBuild file D:\AI-REAP\src\AiReap.Application\obj\AiReap.Application.csproj.nuget.g.props.
         Generating MSBuild file D:\AI-REAP\src\AiReap.Application\obj\AiReap.Application.csproj.nuget.g.targets.
         Writing assets file to disk. Path: D:\AI-REAP\src\AiReap.Application\obj\project.assets.json
         Writing cache file to disk. Path: D:\AI-REAP\src\AiReap.Application\obj\project.nuget.cache
         Persisting dg to D:\AI-REAP\src\AiReap.Application\obj\AiReap.Application.csproj.nuget.dgspec.json
         Restored D:\AI-REAP\src\AiReap.Application\AiReap.Application.csproj (in 10.42 sec).
         Assembly loaded during TaskRun (NuGet.Build.Tasks.RestoreTask): Microsoft.Extensions.FileSystemGlobbing, Version=8.0.0.0, Culture=neutral, PublicKeyToken=adb9793829ddae60 (location: C:\Program Files\dotnet\sdk\8.0.425\Microsoft.Extensions.FileSystemGlobbing.dll, MVID: 323e76ff-b656-4dac-a245-a2c838eeed71, AssemblyLoadContext: Default)
         Assembly loaded during TaskRun (NuGet.Build.Tasks.RestoreTask): Microsoft.Extensions.FileProviders.Abstractions, Version=8.0.0.0, Culture=neutral, PublicKeyToken=adb9793829ddae60 (location: C:\Program Files\dotnet\sdk\8.0.425\Microsoft.Extensions.FileProviders.Abstractions.dll, MVID: 781590a6-c8e2-4e6b-9f85-d75a1ac30c81, AssemblyLoadContext: Default)
         Assembly loaded during TaskRun (NuGet.Build.Tasks.RestoreTask): Microsoft.Extensions.Primitives, Version=8.0.0.0, Culture=neutral, PublicKeyToken=adb9793829ddae60 (location: C:\Program Files\dotnet\sdk\8.0.425\Microsoft.Extensions.Primitives.dll, MVID: 85406007-5cf3-4b92-aae7-4d5d941038ea, AssemblyLoadContext: Default)
         All packages and projects are compatible with net8.0.
         Committing restore...
         Generating MSBuild file D:\AI-REAP\src\AiReap.Infrastructure\obj\AiReap.Infrastructure.csproj.nuget.g.props.
         Generating MSBuild file D:\AI-REAP\src\AiReap.Infrastructure\obj\AiReap.Infrastructure.csproj.nuget.g.targets.
         Writing assets file to disk. Path: D:\AI-REAP\src\AiReap.Infrastructure\obj\project.assets.json
         Writing cache file to disk. Path: D:\AI-REAP\src\AiReap.Infrastructure\obj\project.nuget.cache
         Persisting dg to D:\AI-REAP\src\AiReap.Infrastructure\obj\AiReap.Infrastructure.csproj.nuget.dgspec.json
         Restored D:\AI-REAP\src\AiReap.Infrastructure\AiReap.Infrastructure.csproj (in 10.97 sec).
         
         NuGet Config files used:
             C:\Users\maryam.rehman\AppData\Roaming\NuGet\NuGet.Config
         
         Feeds used:
             https://api.nuget.org/v3/index.json
       Done executing task "RestoreTask".
     1>Done building target "Restore" in project "AiReap.Infrastructure.csproj".
     1>Done Building Project "D:\AI-REAP\src\AiReap.Infrastructure\AiReap.Infrastructure.csproj" (Restore target(s)).

Build succeeded.

       "D:\AI-REAP\src\AiReap.Infrastructure\AiReap.Infrastructure.csproj" (Restore target) (1) ->
       (Restore target) -> 
         D:\AI-REAP\src\AiReap.Infrastructure\AiReap.Infrastructure.csproj : warning NU1900: Error occurred while getting package vulnerability data: Unable to load the service index for source https://api.nuget.org/v3/index.json.
         D:\AI-REAP\src\AiReap.Application\AiReap.Application.csproj : warning NU1900: Error occurred while getting package vulnerability data: Unable to load the service index for source https://api.nuget.org/v3/index.json. [D:\AI-REAP\src\AiReap.Infrastructure\AiReap.Infrastructure.csproj]

    2 Warning(s)
    0 Error(s)

Time Elapsed 00:00:12.36
